Date,Open,High,Low,Close,Volume
2022-01-04 00:00:00-05:00,21335.599609375,21473.69921875,21222.099609375,21236.5,269077900
2022-01-05 00:00:00-05:00,21281.900390625,21319.19921875,21037.400390625,21039.69921875,311271500
2022-01-06 00:00:00-05:00,21057.900390625,21148.599609375,20934.19921875,21072.19921875,238503500
2022-01-07 00:00:00-05:00,21066.80078125,21113.19921875,20942.400390625,21084.5,201893900
2022-01-10 00:00:00-05:00,21034.5,21072.30078125,20790.900390625,21072.30078125,249460500
2022-01-11 00:00:00-05:00,21086.19921875,21284.0,21009.099609375,21274.80078125,292134500
2022-01-12 00:00:00-05:00,21338.0,21449.900390625,21286.099609375,21395.0,282425700
2022-01-13 00:00:00-05:00,21427.0,21471.099609375,21276.30078125,21293.0,232657500
2022-01-14 00:00:00-05:00,21191.599609375,21365.5,21162.80078125,21357.599609375,248685200
2022-01-17 00:00:00-05:00,21373.19921875,21550.099609375,21373.19921875,21537.5,102382400
2022-01-18 00:00:00-05:00,21386.69921875,21386.69921875,21193.0,21274.599609375,270941200
2022-01-19 00:00:00-05:00,21343.599609375,21344.5,21155.900390625,21205.19921875,269018900
2022-01-20 00:00:00-05:00,21245.19921875,21369.69921875,21043.5,21058.19921875,235930000
2022-01-21 00:00:00-05:00,20921.80078125,20921.80078125,20534.400390625,20621.400390625,314223500
2022-01-24 00:00:00-05:00,20465.19921875,20577.400390625,19912.599609375,20571.30078125,395028200
2022-01-25 00:00:00-05:00,20364.69921875,20746.69921875,20130.5,20591.0,273778800
2022-01-26 00:00:00-05:00,20781.30078125,20933.19921875,20502.599609375,20595.900390625,279753000
2022-01-27 00:00:00-05:00,20755.400390625,20852.599609375,20514.099609375,20544.099609375,271999200
2022-01-28 00:00:00-05:00,20539.19921875,20741.80078125,20411.80078125,20741.80078125,244859200
2022-01-31 00:00:00-05:00,20714.30078125,21109.400390625,20697.80078125,21098.30078125,273255000
2022-02-01 00:00:00-05:00,21160.5,21321.0,21073.099609375,21319.900390625,264205400
2022-02-02 00:00:00-05:00,21363.19921875,21419.30078125,21287.19921875,21362.400390625,255962600
2022-02-03 00:00:00-05:00,21176.900390625,21228.80078125,21082.69921875,21094.0,237618600
2022-02-04 00:00:00-05:00,21158.30078125,21343.099609375,21158.30078125,21271.900390625,236739900
2022-02-07 00:00:00-05:00,21271.30078125,21327.69921875,21158.69921875,21235.5,267467700
2022-02-08 00:00:00-05:00,21253.900390625,21402.80078125,21206.400390625,21377.19921875,297003600
2022-02-09 00:00:00-05:00,21524.099609375,21650.80078125,21524.099609375,21604.19921875,253686100
2022-02-10 00:00:00-05:00,21521.0,21784.69921875,21491.900390625,21531.69921875,310182300
2022-02-11 00:00:00-05:00,21547.0,21670.30078125,21427.599609375,21548.80078125,341259700
2022-02-14 00:00:00-05:00,21509.80078125,21509.80078125,21280.0,21352.5,296881100
2022-02-15 00:00:00-05:00,21398.19921875,21510.599609375,21388.0,21502.599609375,279605200
2022-02-16 00:00:00-05:00,21376.69921875,21461.5,21344.69921875,21383.599609375,255282300
2022-02-17 00:00:00-05:00,21358.5,21395.099609375,21160.099609375,21176.30078125,254383600
2022-02-18 00:00:00-05:00,21184.30078125,21202.80078125,21000.599609375,21008.19921875,243061100
2022-02-22 00:00:00-05:00,20936.30078125,21030.5,20737.69921875,20907.80078125,323454100
2022-02-23 00:00:00-05:00,20956.80078125,20996.099609375,20718.0,20744.19921875,292754100
2022-02-24 00:00:00-05:00,20500.5,20770.400390625,20397.19921875,20761.900390625,397835700
2022-02-25 00:00:00-05:00,20828.099609375,21114.0,20784.0,21106.0,272944300
2022-02-28 00:00:00-05:00,21010.900390625,21142.400390625,20951.900390625,21126.400390625,399194900
2022-03-01 00:00:00-05:00,21144.0,21213.30078125,20912.099609375,21004.5,353650800
2022-03-02 00:00:00-05:00,21065.599609375,21297.69921875,21065.599609375,21255.599609375,291797500
2022-03-03 00:00:00-05:00,21280.099609375,21348.900390625,21208.5,21250.400390625,298464500
2022-03-04 00:00:00-05:00,21204.400390625,21406.900390625,21198.599609375,21402.400390625,332349200
2022-03-07 00:00:00-05:00,21382.30078125,21575.099609375,21298.099609375,21304.400390625,426010600
2022-03-08 00:00:00-05:00,21333.099609375,21501.400390625,21220.5,21232.0,490401300
2022-03-09 00:00:00-05:00,21303.0,21544.0,21243.19921875,21493.19921875,386823000
2022-03-10 00:00:00-05:00,21390.400390625,21587.400390625,21371.900390625,21581.69921875,310184700
2022-03-11 00:00:00-05:00,21534.900390625,21620.0,21455.0,21461.80078125,294326600
2022-03-14 00:00:00-04:00,21440.0,21443.5,21122.0,21180.80078125,327796200
2022-03-15 00:00:00-04:00,21065.099609375,21198.599609375,20971.099609375,21187.80078125,320480100
2022-03-16 00:00:00-04:00,21296.400390625,21485.80078125,21190.099609375,21468.80078125,310154000
2022-03-17 00:00:00-04:00,21521.5,21772.5,21506.400390625,21771.19921875,239055600
2022-03-18 00:00:00-04:00,21702.900390625,21877.099609375,21698.5,21818.5,623070600
2022-03-21 00:00:00-04:00,21918.400390625,22023.80078125,21910.30078125,22009.099609375,264205300
2022-03-22 00:00:00-04:00,22073.900390625,22152.900390625,22045.19921875,22074.400390625,264320300
2022-03-23 00:00:00-04:00,22086.30078125,22100.599609375,21932.19921875,21932.19921875,280579000
2022-03-24 00:00:00-04:00,22011.30078125,22018.0,21871.5,21937.900390625,243935500
2022-03-25 00:00:00-04:00,21947.80078125,22019.599609375,21900.0,22005.900390625,255481600
2022-03-28 00:00:00-04:00,21949.80078125,21993.69921875,21871.599609375,21977.80078125,219945400
2022-03-29 00:00:00-04:00,21968.19921875,22108.30078125,21908.400390625,22087.19921875,278078400
2022-03-30 00:00:00-04:00,22068.5,22109.19921875,22016.5,22076.0,242508000
2022-03-31 00:00:00-04:00,22109.69921875,22181.80078125,21890.19921875,21890.19921875,266132700
2022-04-01 00:00:00-04:00,21970.80078125,22031.69921875,21840.19921875,21953.0,250073700
2022-04-04 00:00:00-04:00,21979.400390625,22089.80078125,21942.599609375,22085.599609375,279845500
2022-04-05 00:00:00-04:00,22060.19921875,22213.099609375,21916.599609375,21930.80078125,269794200
2022-04-06 00:00:00-04:00,21860.0,21894.5,21702.099609375,21788.599609375,233714500
2022-04-07 00:00:00-04:00,21792.30078125,21851.599609375,21635.30078125,21834.900390625,232258500
2022-04-08 00:00:00-04:00,21876.80078125,21953.0,21824.30078125,21874.400390625,203320500
2022-04-11 00:00:00-04:00,21873.80078125,21889.69921875,21737.5,21790.5,289444800
2022-04-12 00:00:00-04:00,21897.900390625,21948.599609375,21701.0,21715.400390625,252644300
2022-04-13 00:00:00-04:00,21780.099609375,21888.80078125,21739.5,21838.0,211304100
2022-04-14 00:00:00-04:00,21862.19921875,21935.5,21843.0,21855.69921875,231678300
2022-04-18 00:00:00-04:00,21866.900390625,21972.099609375,21847.599609375,21878.400390625,228308100
2022-04-19 00:00:00-04:00,21853.0,22035.69921875,21820.80078125,22018.80078125,204365100
2022-04-20 00:00:00-04:00,22012.5,22062.599609375,21934.0,21998.400390625,218905100
2022-04-21 00:00:00-04:00,22088.099609375,22088.099609375,21613.19921875,21650.400390625,258689400
2022-04-22 00:00:00-04:00,21593.900390625,21593.900390625,21169.30078125,21186.400390625,287668700
2022-04-25 00:00:00-04:00,20985.5,21074.69921875,20672.599609375,21011.900390625,317526500
2022-04-26 00:00:00-04:00,21021.19921875,21021.19921875,20690.80078125,20690.80078125,256416900
2022-04-27 00:00:00-04:00,20747.19921875,20855.5,20619.30078125,20744.19921875,234351800
2022-04-28 00:00:00-04:00,20899.900390625,21206.5,20817.900390625,21121.099609375,280966100
2022-04-29 00:00:00-04:00,21036.19921875,21168.80078125,20753.900390625,20762.0,287081200
2022-05-02 00:00:00-04:00,20707.69921875,20758.099609375,20456.80078125,20692.19921875,253789500
2022-05-03 00:00:00-04:00,20726.5,21030.69921875,20724.30078125,20905.30078125,249853500
2022-05-04 00:00:00-04:00,20973.0,21212.900390625,20798.80078125,21185.0,300983500
2022-05-05 00:00:00-04:00,21120.69921875,21120.69921875,20550.599609375,20696.19921875,284578000
2022-05-06 00:00:00-04:00,20664.5,20729.30078125,20416.400390625,20633.30078125,274933100
2022-05-09 00:00:00-04:00,20392.400390625,20392.400390625,19955.80078125,19999.69921875,340770200
2022-05-10 00:00:00-04:00,20166.19921875,20253.30078125,19736.69921875,19890.099609375,361166500
2022-05-11 00:00:00-04:00,19922.80078125,20189.400390625,19792.80078125,19837.30078125,324385300
2022-05-12 00:00:00-04:00,19681.30078125,19809.0,19480.0,19699.099609375,320281000
2022-05-13 00:00:00-04:00,19871.900390625,20196.599609375,19871.900390625,20099.80078125,294638400
2022-05-16 00:00:00-04:00,20116.0,20309.19921875,20064.80078125,20206.400390625,310724000
2022-05-17 00:00:00-04:00,20440.80078125,20514.599609375,20330.5,20491.0,278816000
2022-05-18 00:00:00-04:00,20424.0,20424.0,20040.5,20101.400390625,256316600
2022-05-19 00:00:00-04:00,19927.099609375,20336.099609375,19907.30078125,20181.900390625,259832400
2022-05-20 00:00:00-04:00,20335.69921875,20359.80078125,19937.30078125,20197.599609375,221995700
2022-05-24 00:00:00-04:00,20333.400390625,20337.30078125,20146.900390625,20286.19921875,304125000
2022-05-25 00:00:00-04:00,20295.19921875,20452.5,20290.69921875,20383.80078125,240858200
2022-05-26 00:00:00-04:00,20454.099609375,20624.69921875,20448.69921875,20532.19921875,267121500
2022-05-27 00:00:00-04:00,20587.099609375,20777.599609375,20581.69921875,20748.599609375,267596300
2022-05-30 00:00:00-04:00,20835.599609375,20940.099609375,20817.5,20919.400390625,122884600
2022-05-31 00:00:00-04:00,20830.5,20875.900390625,20697.599609375,20729.30078125,588164500
2022-06-01 00:00:00-04:00,20816.69921875,20866.400390625,20610.19921875,20713.69921875,268211700
2022-06-02 00:00:00-04:00,20713.599609375,21036.400390625,20713.599609375,21031.80078125,244190000
2022-06-03 00:00:00-04:00,20915.19921875,20931.5,20753.5,20790.69921875,206023800
2022-06-06 00:00:00-04:00,20912.900390625,20931.900390625,20796.099609375,20819.099609375,279744600
2022-06-07 00:00:00-04:00,20730.69921875,20928.19921875,20695.900390625,20928.19921875,263549000
2022-06-08 00:00:00-04:00,20879.5,20919.30078125,20712.0,20792.400390625,266654500
2022-06-09 00:00:00-04:00,20718.400390625,20771.69921875,20563.900390625,20563.900390625,239596000
2022-06-10 00:00:00-04:00,20390.30078125,20390.30078125,20196.19921875,20274.80078125,283280000
2022-06-13 00:00:00-04:00,19943.400390625,19943.400390625,19602.900390625,19742.599609375,340413100
2022-06-14 00:00:00-04:00,19844.30078125,19844.30078125,19435.0,19548.5,316000900
2022-06-15 00:00:00-04:00,19665.400390625,19743.400390625,19383.69921875,19611.599609375,281533900
2022-06-16 00:00:00-04:00,19284.0,19320.69921875,18952.69921875,19004.099609375,284709200
2022-06-17 00:00:00-04:00,19067.400390625,19194.0,18787.69921875,18930.5,579457700
2022-06-20 00:00:00-04:00,18967.69921875,19186.5,18967.69921875,19183.599609375,126178800
2022-06-21 00:00:00-04:00,19248.19921875,19385.5,19239.400390625,19257.30078125,275427300
2022-06-22 00:00:00-04:00,18947.099609375,19142.80078125,18871.69921875,19004.0,283616600
2022-06-23 00:00:00-04:00,19033.099609375,19067.0,18661.5,18717.099609375,312412300
2022-06-24 00:00:00-04:00,18831.69921875,19100.69921875,18828.900390625,19062.900390625,262852600
2022-06-27 00:00:00-04:00,19168.69921875,19294.19921875,19068.0,19258.30078125,321214400
2022-06-28 00:00:00-04:00,19406.5,19500.900390625,19160.19921875,19222.69921875,275264400
2022-06-29 00:00:00-04:00,19274.30078125,19274.30078125,19010.400390625,19078.599609375,215310300
2022-06-30 00:00:00-04:00,18848.69921875,18898.69921875,18665.30078125,18861.400390625,272836300
2022-07-04 00:00:00-04:00,18951.19921875,19129.69921875,18946.5,19028.900390625,122906700
2022-07-05 00:00:00-04:00,18877.19921875,18911.099609375,18520.400390625,18834.19921875,338113600
2022-07-06 00:00:00-04:00,18795.69921875,18872.099609375,18543.900390625,18729.69921875,317959800
2022-07-07 00:00:00-04:00,18871.30078125,19085.5,18871.30078125,19063.19921875,251534300
2022-07-08 00:00:00-04:00,19063.099609375,19100.099609375,18897.69921875,19022.900390625,197640400
2022-07-11 00:00:00-04:00,18905.30078125,18955.400390625,18785.80078125,18816.80078125,225897100
2022-07-12 00:00:00-04:00,18712.30078125,18798.30078125,18619.5,18678.599609375,232305400
2022-07-13 00:00:00-04:00,18517.5,18691.900390625,18378.80078125,18615.19921875,227053400
2022-07-14 00:00:00-04:00,18448.099609375,18466.80078125,18169.900390625,18329.099609375,340294700
2022-07-15 00:00:00-04:00,18491.0,18500.099609375,18311.599609375,18394.5,205985000
2022-07-18 00:00:00-04:00,18582.5,18733.599609375,18560.099609375,18595.599609375,270479500
2022-07-19 00:00:00-04:00,18723.099609375,18944.099609375,18716.900390625,18937.69921875,231296300
2022-07-20 00:00:00-04:00,18912.400390625,19056.400390625,18845.19921875,19020.69921875,197328500
2022-07-21 00:00:00-04:00,18954.0,19064.900390625,18870.80078125,19062.900390625,214889000
2022-07-22 00:00:00-04:00,19085.69921875,19141.69921875,18911.900390625,18982.900390625,180504600
2022-07-25 00:00:00-04:00,19010.30078125,19119.0,18971.5,19104.5,219076800
2022-07-26 00:00:00-04:00,19070.69921875,19110.5,18923.400390625,18972.69921875,209670300
2022-07-27 00:00:00-04:00,19056.900390625,19315.5,19056.900390625,19254.599609375,230203700
2022-07-28 00:00:00-04:00,19353.5,19472.69921875,19182.400390625,19456.69921875,251616900
2022-07-29 00:00:00-04:00,19539.900390625,19734.0,19539.900390625,19692.900390625,252031900
2022-08-02 00:00:00-04:00,19568.900390625,19673.5,19486.69921875,19505.30078125,270793400
2022-08-03 00:00:00-04:00,19616.099609375,19616.099609375,19485.0,19545.900390625,220501000
2022-08-04 00:00:00-04:00,19573.099609375,19619.099609375,19538.099609375,19577.0,250540000
2022-08-05 00:00:00-04:00,19471.30078125,19620.099609375,19443.30078125,19620.099609375,238711500
2022-08-08 00:00:00-04:00,19666.900390625,19768.0,19661.80078125,19669.19921875,243324500
2022-08-09 00:00:00-04:00,19693.599609375,19699.80078125,19540.19921875,19578.30078125,216384000
2022-08-10 00:00:00-04:00,19743.599609375,19911.0,19716.30078125,19885.900390625,264927000
2022-08-11 00:00:00-04:00,20014.19921875,20100.599609375,19961.099609375,19991.900390625,268131000
2022-08-12 00:00:00-04:00,20051.400390625,20188.599609375,20021.30078125,20179.80078125,230349300
2022-08-15 00:00:00-04:00,20061.400390625,20199.19921875,20023.099609375,20180.599609375,272053600
2022-08-16 00:00:00-04:00,20182.19921875,20287.19921875,20166.5,20270.0,223800800
2022-08-17 00:00:00-04:00,20191.69921875,20252.0,20130.80078125,20181.400390625,225969400
2022-08-18 00:00:00-04:00,20230.599609375,20323.599609375,20209.5,20265.400390625,199911000
2022-08-19 00:00:00-04:00,20184.900390625,20192.80078125,20067.19921875,20111.400390625,212866200
2022-08-22 00:00:00-04:00,19917.0,19974.900390625,19837.80078125,19974.900390625,252502700
2022-08-23 00:00:00-04:00,19968.5,20082.900390625,19941.099609375,19985.400390625,237556600
2022-08-24 00:00:00-04:00,19961.80078125,20068.900390625,19961.5,20021.400390625,216588500
2022-08-25 00:00:00-04:00,20113.099609375,20189.0,20081.0,20172.30078125,248113000
2022-08-26 00:00:00-04:00,20204.69921875,20205.599609375,19860.599609375,19873.30078125,219288100
2022-08-29 00:00:00-04:00,19752.80078125,19884.19921875,19705.0,19836.099609375,286760800
2022-08-30 00:00:00-04:00,19819.80078125,19819.80078125,19484.80078125,19512.900390625,220073700
2022-08-31 00:00:00-04:00,19450.599609375,19506.400390625,19329.900390625,19330.80078125,281282600
2022-09-01 00:00:00-04:00,19179.5,19179.5,18986.19921875,19142.69921875,248534900
2022-09-02 00:00:00-04:00,19349.400390625,19478.30078125,19203.80078125,19270.900390625,211097400
2022-09-06 00:00:00-04:00,19346.400390625,19371.5,19074.599609375,19088.19921875,258388000
2022-09-07 00:00:00-04:00,19013.69921875,19264.5,18982.0,19241.400390625,233638300
2022-09-08 00:00:00-04:00,19193.19921875,19415.5,19163.599609375,19413.0,226538100
2022-09-09 00:00:00-04:00,19592.400390625,19789.599609375,19592.400390625,19773.30078125,233564800
2022-09-12 00:00:00-04:00,19923.19921875,20032.599609375,19885.900390625,19987.19921875,286226100
2022-09-13 00:00:00-04:00,19713.099609375,19850.599609375,19602.5,19645.400390625,248375000
2022-09-14 00:00:00-04:00,19683.599609375,19809.099609375,19649.30078125,19726.099609375,237740700
2022-09-15 00:00:00-04:00,19640.69921875,19785.099609375,19521.30078125,19560.19921875,218513100
2022-09-16 00:00:00-04:00,19386.19921875,19421.599609375,19283.19921875,19385.900390625,622084600
2022-09-19 00:00:00-04:00,19203.30078125,19569.099609375,19198.099609375,19562.400390625,264092100
2022-09-20 00:00:00-04:00,19505.400390625,19507.80078125,19246.80078125,19368.69921875,234575900
2022-09-21 00:00:00-04:00,19473.69921875,19503.5,19184.5,19184.5,222076200
2022-09-22 00:00:00-04:00,19263.30078125,19290.30078125,18985.0,19002.69921875,209762900
2022-09-23 00:00:00-04:00,18739.69921875,18739.69921875,18372.599609375,18481.0,324442400
2022-09-26 00:00:00-04:00,18405.30078125,18603.5,18273.0,18327.0,350601100
2022-09-27 00:00:00-04:00,18493.900390625,18546.80078125,18247.69921875,18307.900390625,243468100
2022-09-28 00:00:00-04:00,18307.900390625,18703.900390625,18247.900390625,18648.900390625,229100000
2022-09-29 00:00:00-04:00,18534.0,18534.0,18258.400390625,18441.80078125,216911900
2022-09-30 00:00:00-04:00,18453.900390625,18685.0,18381.099609375,18444.19921875,238134400
2022-10-03 00:00:00-04:00,18621.80078125,18966.900390625,18581.30078125,18881.19921875,238315900
2022-10-04 00:00:00-04:00,19172.80078125,19405.099609375,19172.80078125,19371.0,283826900
2022-10-05 00:00:00-04:00,19240.30078125,19296.69921875,19106.5,19235.099609375,228995200
2022-10-06 00:00:00-04:00,19166.0,19197.80078125,18895.400390625,18979.0,247767500
2022-10-07 00:00:00-04:00,18849.099609375,18849.30078125,18522.599609375,18583.099609375,237888300
2022-10-11 00:00:00-04:00,18380.400390625,18427.30078125,18174.400390625,18216.69921875,304718800
2022-10-12 00:00:00-04:00,18185.099609375,18273.599609375,18111.599609375,18206.30078125,230560900
2022-10-13 00:00:00-04:00,17958.80078125,18661.400390625,17873.19921875,18613.599609375,263546600
2022-10-14 00:00:00-04:00,18686.900390625,18763.69921875,18319.900390625,18326.400390625,219842600
2022-10-17 00:00:00-04:00,18546.099609375,18756.69921875,18546.099609375,18621.0,272425800
2022-10-18 00:00:00-04:00,18872.099609375,18923.900390625,18668.80078125,18798.19921875,187285700
2022-10-19 00:00:00-04:00,18712.30078125,18761.599609375,18577.0,18674.400390625,205778100
2022-10-20 00:00:00-04:00,18682.099609375,18838.80078125,18534.30078125,18579.30078125,225180200
2022-10-21 00:00:00-04:00,18558.099609375,18880.80078125,18513.5,18861.0,209607800
2022-10-24 00:00:00-04:00,18915.0,18955.900390625,18786.099609375,18918.400390625,236806800
2022-10-25 00:00:00-04:00,18859.0,19099.5,18859.0,19097.0,227760800
2022-10-26 00:00:00-04:00,19097.5,19435.900390625,19097.5,19279.80078125,254302600
2022-10-27 00:00:00-04:00,19391.099609375,19516.400390625,19316.599609375,19352.099609375,223826400
2022-10-28 00:00:00-04:00,19365.099609375,19471.30078125,19282.69921875,19471.19921875,198107200
2022-10-31 00:00:00-04:00,19406.5,19510.900390625,19402.099609375,19426.099609375,262561400
2022-11-01 00:00:00-04:00,19674.900390625,19698.30078125,19496.30078125,19517.69921875,178366400
2022-11-02 00:00:00-04:00,19490.80078125,19669.400390625,19277.0,19277.0,290685300
2022-11-03 00:00:00-04:00,19133.900390625,19322.400390625,19090.599609375,19241.19921875,257780000
2022-11-04 00:00:00-04:00,19475.599609375,19580.099609375,19300.0,19449.80078125,298290900
2022-11-07 00:00:00-05:00,19525.19921875,19565.599609375,19431.099609375,19545.900390625,247551300
2022-11-08 00:00:00-05:00,19578.30078125,19743.30078125,19533.900390625,19660.30078125,231561300
2022-11-09 00:00:00-05:00,19570.5,19585.099609375,19338.0,19344.30078125,244299000
2022-11-10 00:00:00-05:00,19724.5,20035.30078125,19724.5,19990.400390625,301123200
2022-11-11 00:00:00-05:00,20097.5,20169.80078125,20023.5,20111.5,266577300
2022-11-14 00:00:00-05:00,20057.5,20102.30078125,19921.80078125,19921.80078125,367889200
2022-11-15 00:00:00-05:00,20110.099609375,20117.400390625,19938.599609375,19994.80078125,242851000
2022-11-16 00:00:00-05:00,19929.0,20011.599609375,19897.30078125,19958.0,266857900
2022-11-17 00:00:00-05:00,19790.5,19884.599609375,19742.30078125,19884.599609375,257158600
2022-11-18 00:00:00-05:00,19934.400390625,19995.19921875,19891.400390625,19980.900390625,243056700
2022-11-21 00:00:00-05:00,19901.80078125,19986.0,19787.099609375,19977.099609375,319942200
2022-11-22 00:00:00-05:00,20060.5,20236.5,20048.599609375,20220.0,221847400
2022-11-23 00:00:00-05:00,20185.099609375,20303.599609375,20185.099609375,20282.30078125,238316600
2022-11-24 00:00:00-05:00,20309.19921875,20386.69921875,20309.19921875,20344.099609375,88111700
2022-11-25 00:00:00-05:00,20348.900390625,20446.30078125,20342.19921875,20383.80078125,157063000
2022-11-28 00:00:00-05:00,20310.0,20397.900390625,20178.80078125,20220.5,276019100
2022-11-29 00:00:00-05:00,20319.80078125,20322.69921875,20229.30078125,20277.400390625,240667600
2022-11-30 00:00:00-05:00,20341.69921875,20456.599609375,20137.099609375,20453.30078125,510923700
2022-12-01 00:00:00-05:00,20541.19921875,20639.5,20486.30078125,20525.5,234415200
2022-12-02 00:00:00-05:00,20364.400390625,20554.5,20364.400390625,20485.69921875,264750500
2022-12-05 00:00:00-05:00,20453.69921875,20476.400390625,20204.0,20242.30078125,293487300
2022-12-06 00:00:00-05:00,20262.0,20306.599609375,19960.0,19990.19921875,273032300
2022-12-07 00:00:00-05:00,19971.30078125,20093.0,19957.599609375,19973.19921875,241429400
2022-12-08 00:00:00-05:00,20044.900390625,20086.400390625,19947.19921875,19969.19921875,240247300
2022-12-09 00:00:00-05:00,19990.099609375,20086.30078125,19944.80078125,19947.099609375,215724900
2022-12-12 00:00:00-05:00,19841.099609375,20019.900390625,19834.30078125,20019.69921875,305801700
2022-12-13 00:00:00-05:00,20312.900390625,20341.30078125,19955.599609375,20023.5,278272300
2022-12-14 00:00:00-05:00,20022.599609375,20081.80078125,19864.0,19891.69921875,263781200
2022-12-15 00:00:00-05:00,19722.900390625,19726.599609375,19512.900390625,19600.599609375,277405200
2022-12-16 00:00:00-05:00,19429.19921875,19504.19921875,19352.80078125,19443.30078125,543394400
2022-12-19 00:00:00-05:00,19455.599609375,19485.30078125,19159.599609375,19200.80078125,288092500
2022-12-20 00:00:00-05:00,19213.5,19379.099609375,19196.5,19306.900390625,256453900
2022-12-21 00:00:00-05:00,19447.30078125,19598.69921875,19447.30078125,19571.099609375,215845900
2022-12-22 00:00:00-05:00,19480.400390625,19480.400390625,19173.80078125,19349.69921875,222587000
2022-12-23 00:00:00-05:00,19361.400390625,19506.69921875,19315.099609375,19506.69921875,195463800
2022-12-28 00:00:00-05:00,19472.30078125,19519.0,19263.599609375,19284.099609375,241863200
2022-12-29 00:00:00-05:00,19316.900390625,19515.400390625,19308.900390625,19485.900390625,185217200
2022-12-30 00:00:00-05:00,19401.30078125,19496.19921875,19332.80078125,19384.900390625,155571700
2023-01-03 00:00:00-05:00,19531.400390625,19661.599609375,19380.30078125,19443.80078125,261589200
2023-01-04 00:00:00-05:00,19460.099609375,19639.5,19414.599609375,19588.80078125,238146400
2023-01-05 00:00:00-05:00,19518.69921875,19536.0,19386.69921875,19506.80078125,194759400
2023-01-06 00:00:00-05:00,19615.599609375,19821.400390625,19556.599609375,19814.5,222341300
2023-01-09 00:00:00-05:00,19900.0,19987.5,19840.80078125,19857.099609375,211962600
2023-01-10 00:00:00-05:00,19857.30078125,19898.900390625,19745.599609375,19898.900390625,198069200
2023-01-11 00:00:00-05:00,19980.400390625,20038.30078125,19910.30078125,20025.099609375,231468900
2023-01-12 00:00:00-05:00,20101.599609375,20214.30078125,19993.400390625,20211.19921875,263797000
2023-01-13 00:00:00-05:00,20150.900390625,20380.0,20147.599609375,20360.099609375,237924900
2023-01-16 00:00:00-05:00,20340.69921875,20435.099609375,20324.400390625,20390.30078125,118836200
2023-01-17 00:00:00-05:00,20410.19921875,20479.900390625,20389.80078125,20457.5,240442600
2023-01-18 00:00:00-05:00,20535.69921875,20632.0,20376.19921875,20376.19921875,280008600
2023-01-19 00:00:00-05:00,20290.5,20406.5,20258.30078125,20341.400390625,221749000
2023-01-20 00:00:00-05:00,20364.099609375,20517.099609375,20287.30078125,20503.19921875,219872800
2023-01-23 00:00:00-05:00,20535.400390625,20641.69921875,20480.400390625,20631.599609375,237356600
2023-01-24 00:00:00-05:00,20565.0,20653.19921875,20502.400390625,20629.599609375,210676200
2023-01-25 00:00:00-05:00,20501.80078125,20634.30078125,20402.19921875,20599.599609375,237469000
2023-01-26 00:00:00-05:00,20672.099609375,20700.5,20559.30078125,20700.5,276746400
2023-01-27 00:00:00-05:00,20669.69921875,20763.0,20621.900390625,20714.5,250949400
2023-01-30 00:00:00-05:00,20609.0,20713.69921875,20570.19921875,20572.099609375,260418500
2023-01-31 00:00:00-05:00,20600.30078125,20771.599609375,20590.099609375,20767.400390625,294121300
2023-02-01 00:00:00-05:00,20731.900390625,20828.400390625,20579.5,20751.099609375,293853300
2023-02-02 00:00:00-05:00,20813.5,20843.19921875,20696.900390625,20740.400390625,292419400
2023-02-03 00:00:00-05:00,20680.900390625,20830.30078125,20680.900390625,20758.30078125,262056000
2023-02-06 00:00:00-05:00,20662.30078125,20683.599609375,20550.099609375,20628.900390625,212391500
2023-02-07 00:00:00-05:00,20612.0,20775.69921875,20541.599609375,20725.0,227523300
2023-02-08 00:00:00-05:00,20710.5,20779.19921875,20623.099609375,20679.5,188011200
2023-02-09 00:00:00-05:00,20774.099609375,20821.69921875,20541.30078125,20597.80078125,234223700
2023-02-10 00:00:00-05:00,20540.099609375,20624.0,20484.5,20612.099609375,254306600
2023-02-13 00:00:00-05:00,20610.5,20741.5,20604.69921875,20702.19921875,199921700
2023-02-14 00:00:00-05:00,20675.80078125,20766.80078125,20553.19921875,20704.80078125,213762300
2023-02-15 00:00:00-05:00,20642.5,20725.69921875,20576.599609375,20720.400390625,263772700
2023-02-16 00:00:00-05:00,20572.5,20706.19921875,20531.5,20606.400390625,263447700
2023-02-17 00:00:00-05:00,20546.5,20575.30078125,20456.80078125,20515.19921875,235929000
2023-02-21 00:00:00-05:00,20463.099609375,20463.099609375,20242.80078125,20252.599609375,247827700
2023-02-22 00:00:00-05:00,20246.80078125,20284.0,20134.5,20193.30078125,270951400
2023-02-23 00:00:00-05:00,20233.80078125,20293.69921875,20083.400390625,20188.19921875,253377400
2023-02-24 00:00:00-05:00,20115.5,20220.0,19997.30078125,20219.19921875,232664600
2023-02-27 00:00:00-05:00,20245.599609375,20374.0,20236.80078125,20260.099609375,257382400
2023-02-28 00:00:00-05:00,20223.69921875,20242.599609375,20156.5,20221.19921875,410582800
2023-03-01 00:00:00-05:00,20200.900390625,20318.900390625,20200.900390625,20259.80078125,321373700
2023-03-02 00:00:00-05:00,20209.69921875,20347.099609375,20149.0,20337.19921875,268034900
2023-03-03 00:00:00-05:00,20384.900390625,20609.0,20384.900390625,20581.599609375,269826500
2023-03-06 00:00:00-05:00,20578.80078125,20615.5,20498.5,20514.80078125,240762000
2023-03-07 00:00:00-05:00,20505.5,20505.5,20236.5,20275.5,252344800
2023-03-08 00:00:00-05:00,20274.599609375,20438.19921875,20270.400390625,20346.5,258126000
2023-03-09 00:00:00-05:00,20358.80078125,20441.0,20063.900390625,20086.69921875,285414800
2023-03-10 00:00:00-05:00,20046.19921875,20064.69921875,19743.5,19774.900390625,348103000
2023-03-13 00:00:00-04:00,19645.5,19714.19921875,19427.5,19588.900390625,356349500
2023-03-14 00:00:00-04:00,19732.900390625,19850.599609375,19562.30078125,19694.19921875,297283300
2023-03-15 00:00:00-04:00,19533.0,19533.0,19179.400390625,19378.80078125,387722500
2023-03-16 00:00:00-04:00,19311.30078125,19589.400390625,19155.80078125,19539.0,337397200
2023-03-17 00:00:00-04:00,19493.0,19493.0,19298.0,19387.69921875,606497500
2023-03-20 00:00:00-04:00,19411.80078125,19535.599609375,19411.80078125,19519.400390625,286514000
2023-03-21 00:00:00-04:00,19615.5,19734.69921875,19614.69921875,19654.900390625,242855700
2023-03-22 00:00:00-04:00,19681.30078125,19813.0,19532.80078125,19532.80078125,247697000
2023-03-23 00:00:00-04:00,19565.900390625,19681.80078125,19393.099609375,19459.900390625,266470700
2023-03-24 00:00:00-04:00,19391.599609375,19506.599609375,19278.599609375,19501.5,235964900
2023-03-27 00:00:00-04:00,19562.69921875,19638.599609375,19511.19921875,19624.69921875,264218600
2023-03-28 00:00:00-04:00,19622.900390625,19700.19921875,19600.5,19657.5,220188500
2023-03-29 00:00:00-04:00,19730.30078125,19841.30078125,19730.30078125,19837.69921875,226950600
2023-03-30 00:00:00-04:00,19920.400390625,19949.099609375,19866.099609375,19941.0,210219500
2023-03-31 00:00:00-04:00,19977.5,20126.5,19977.5,20099.900390625,295642300
2023-04-03 00:00:00-04:00,20108.400390625,20281.19921875,20108.400390625,20278.30078125,334009100
2023-04-04 00:00:00-04:00,20326.400390625,20361.30078125,20203.30078125,20275.80078125,253929700
2023-04-05 00:00:00-04:00,20221.400390625,20246.30078125,20097.599609375,20159.599609375,237311100
2023-04-06 00:00:00-04:00,20157.19921875,20201.599609375,20099.80078125,20196.69921875,212583400
2023-04-10 00:00:00-04:00,20160.30078125,20281.099609375,20151.900390625,20275.80078125,228205600
2023-04-11 00:00:00-04:00,20303.900390625,20461.69921875,20303.900390625,20421.900390625,201959500
2023-04-12 00:00:00-04:00,20505.80078125,20593.5,20442.69921875,20454.30078125,188062200
2023-04-13 00:00:00-04:00,20480.19921875,20591.900390625,20469.599609375,20564.5,214314900
2023-04-14 00:00:00-04:00,20585.30078125,20638.19921875,20516.0,20579.900390625,200538000
2023-04-17 00:00:00-04:00,20576.69921875,20646.900390625,20553.400390625,20642.0,243716600
2023-04-18 00:00:00-04:00,20665.5,20729.5,20659.0,20684.69921875,230440000
2023-04-19 00:00:00-04:00,20609.099609375,20695.0,20606.80078125,20680.80078125,188384700
2023-04-20 00:00:00-04:00,20614.5,20705.30078125,20597.099609375,20630.69921875,198556700
2023-04-21 00:00:00-04:00,20640.5,20696.5,20602.30078125,20693.19921875,195036300
2023-04-24 00:00:00-04:00,20664.900390625,20709.599609375,20643.19921875,20676.69921875,225222700
2023-04-25 00:00:00-04:00,20637.0,20637.0,20435.5,20439.900390625,194142700
2023-04-26 00:00:00-04:00,20451.599609375,20501.5,20324.5,20366.69921875,228511300
2023-04-27 00:00:00-04:00,20400.80078125,20546.69921875,20400.80078125,20522.599609375,213761600
2023-04-28 00:00:00-04:00,20502.30078125,20661.0,20499.5,20636.5,234250900
2023-05-01 00:00:00-04:00,20663.69921875,20766.900390625,20613.30078125,20615.099609375,189384700
2023-05-02 00:00:00-04:00,20579.19921875,20579.19921875,20282.099609375,20407.599609375,254437000
2023-05-03 00:00:00-04:00,20397.30078125,20498.900390625,20350.0,20354.69921875,238384500
2023-05-04 00:00:00-04:00,20423.69921875,20444.19921875,20237.19921875,20238.19921875,223576300
2023-05-05 00:00:00-04:00,20305.400390625,20565.599609375,20305.400390625,20542.0,227862200
2023-05-08 00:00:00-04:00,20586.599609375,20627.80078125,20544.19921875,20585.19921875,217315900
2023-05-09 00:00:00-04:00,20487.30078125,20599.0,20455.5,20585.69921875,187098600
2023-05-10 00:00:00-04:00,20644.30078125,20644.30078125,20399.5,20499.30078125,214002200
2023-05-11 00:00:00-04:00,20440.0,20444.69921875,20328.400390625,20417.599609375,219530400
2023-05-12 00:00:00-04:00,20448.599609375,20492.099609375,20346.900390625,20419.599609375,194640200
2023-05-15 00:00:00-04:00,20431.80078125,20544.099609375,20431.80078125,20540.0,235032100
2023-05-16 00:00:00-04:00,20452.19921875,20452.19921875,20236.80078125,20242.099609375,205406500
2023-05-17 00:00:00-04:00,20282.900390625,20297.30078125,20158.69921875,20296.400390625,193198200
2023-05-18 00:00:00-04:00,20262.80078125,20302.900390625,20171.0,20297.099609375,208292000
2023-05-19 00:00:00-04:00,20356.0,20399.599609375,20306.69921875,20351.099609375,174612100
2023-05-23 00:00:00-04:00,20312.5,20327.5,20138.599609375,20146.0,241493000
2023-05-24 00:00:00-04:00,20063.900390625,20063.900390625,19898.80078125,19927.69921875,207572600
2023-05-25 00:00:00-04:00,19879.19921875,19879.19921875,19717.400390625,19774.099609375,178511300
2023-05-26 00:00:00-04:00,19840.400390625,19944.099609375,19832.80078125,19920.30078125,186378200
2023-05-29 00:00:00-04:00,19929.0,19991.900390625,19929.0,19968.0,53333800
2023-05-30 00:00:00-04:00,19919.099609375,19936.5,19708.400390625,19739.69921875,176191200
2023-05-31 00:00:00-04:00,19674.69921875,19674.69921875,19522.599609375,19572.19921875,383419700
2023-06-01 00:00:00-04:00,19573.0,19735.19921875,19542.599609375,19672.30078125,199567300
2023-06-02 00:00:00-04:00,19783.19921875,20032.099609375,19783.19921875,20024.599609375,232220500
2023-06-05 00:00:00-04:00,20045.900390625,20068.30078125,19926.099609375,19931.599609375,217525700
2023-06-06 00:00:00-04:00,19925.900390625,20059.5,19911.599609375,20055.599609375,197427000
2023-06-07 00:00:00-04:00,20068.69921875,20150.0,19955.599609375,19983.69921875,200207800
2023-06-08 00:00:00-04:00,19994.80078125,19996.30078125,19855.30078125,19942.69921875,185562900
2023-06-09 00:00:00-04:00,19940.0,19976.099609375,19857.400390625,19892.099609375,162962100
2023-06-12 00:00:00-04:00,19862.599609375,19933.599609375,19805.900390625,19921.30078125,212148400
2023-06-13 00:00:00-04:00,19998.30078125,20099.19921875,19975.900390625,19990.400390625,205098400
2023-06-14 00:00:00-04:00,20027.80078125,20098.5,19930.30078125,20015.099609375,212250000
2023-06-15 00:00:00-04:00,19986.099609375,20057.400390625,19952.19921875,20027.400390625,199331900
2023-06-16 00:00:00-04:00,20057.30078125,20112.400390625,19973.19921875,19975.400390625,499628700
2023-06-19 00:00:00-04:00,19983.69921875,19985.19921875,19917.599609375,19934.19921875,51027700
2023-06-20 00:00:00-04:00,19881.900390625,19881.900390625,19739.80078125,19754.099609375,234693800
2023-06-21 00:00:00-04:00,19718.599609375,19761.69921875,19656.099609375,19706.0,222469800
2023-06-22 00:00:00-04:00,19638.5,19638.5,19545.599609375,19580.900390625,213520500
2023-06-23 00:00:00-04:00,19511.400390625,19511.400390625,19406.5,19418.19921875,205268400
2023-06-26 00:00:00-04:00,19400.69921875,19630.5,19400.69921875,19587.30078125,207613200
2023-06-27 00:00:00-04:00,19606.69921875,19757.400390625,19579.099609375,19733.099609375,177727100
2023-06-28 00:00:00-04:00,19749.400390625,19818.900390625,19706.5,19818.900390625,180146900
2023-06-29 00:00:00-04:00,19820.30078125,19914.5,19790.400390625,19913.19921875,173336900
2023-06-30 00:00:00-04:00,19973.400390625,20178.80078125,19973.400390625,20155.30078125,220958700
2023-07-04 00:00:00-04:00,20180.30078125,20227.69921875,20176.599609375,20204.900390625,71685700
2023-07-05 00:00:00-04:00,20177.80078125,20177.80078125,20086.19921875,20103.900390625,190949600
2023-07-06 00:00:00-04:00,20006.099609375,20006.099609375,19757.599609375,19810.69921875,215164300
2023-07-07 00:00:00-04:00,19740.80078125,19911.30078125,19719.599609375,19831.0,203482400
2023-07-10 00:00:00-04:00,19820.69921875,19863.30078125,19798.80078125,19822.5,186459900
2023-07-11 00:00:00-04:00,19857.599609375,19882.5,19820.69921875,19878.599609375,190110200
2023-07-12 00:00:00-04:00,19957.30078125,20092.69921875,19938.099609375,20070.80078125,221857300
2023-07-13 00:00:00-04:00,20119.80078125,20294.30078125,20119.80078125,20277.599609375,206193800
2023-07-14 00:00:00-04:00,20311.0,20336.599609375,20234.19921875,20262.099609375,196626900
2023-07-17 00:00:00-04:00,20231.80078125,20256.80078125,20192.599609375,20226.80078125,205999200
2023-07-18 00:00:00-04:00,20252.5,20380.0,20243.900390625,20376.599609375,248064900
2023-07-19 00:00:00-04:00,20401.5,20497.400390625,20401.5,20491.19921875,184128300
2023-07-20 00:00:00-04:00,20487.80078125,20507.400390625,20412.400390625,20436.900390625,190154700
2023-07-21 00:00:00-04:00,20488.30078125,20562.0,20479.30078125,20547.5,192841400
2023-07-24 00:00:00-04:00,20573.69921875,20623.900390625,20551.5,20582.099609375,192374100
2023-07-25 00:00:00-04:00,20590.19921875,20612.19921875,20543.5,20551.5,197296500
2023-07-26 00:00:00-04:00,20514.80078125,20596.19921875,20492.400390625,20561.599609375,208307300
2023-07-27 00:00:00-04:00,20603.5,20610.599609375,20370.5,20385.5,200254200
2023-07-28 00:00:00-04:00,20472.400390625,20578.400390625,20449.5,20519.400390625,201665100
2023-07-31 00:00:00-04:00,20541.80078125,20677.30078125,20541.80078125,20626.599609375,224123400
2023-08-01 00:00:00-04:00,20570.599609375,20585.900390625,20468.69921875,20532.900390625,188166500
2023-08-02 00:00:00-04:00,20423.5,20423.5,20148.19921875,20218.19921875,220650100
2023-08-03 00:00:00-04:00,20163.80078125,20163.80078125,20077.5,20120.69921875,191898700
2023-08-04 00:00:00-04:00,20155.900390625,20356.599609375,20146.400390625,20236.0,217548900
2023-08-08 00:00:00-04:00,20187.80078125,20223.599609375,20089.900390625,20206.0,227909500
2023-08-09 00:00:00-04:00,20230.19921875,20317.19921875,20211.80078125,20275.30078125,188600200
2023-08-10 00:00:00-04:00,20353.400390625,20444.599609375,20279.69921875,20342.900390625,209810300
2023-08-11 00:00:00-04:00,20300.5,20415.0,20293.5,20407.599609375,164371100
2023-08-14 00:00:00-04:00,20337.69921875,20338.80078125,20237.900390625,20290.5,194938800
2023-08-15 00:00:00-04:00,20190.19921875,20190.19921875,19888.30078125,19899.80078125,216307200
2023-08-16 00:00:00-04:00,19857.30078125,19965.69921875,19852.0,19899.099609375,191254000
2023-08-17 00:00:00-04:00,19956.400390625,20008.900390625,19792.5,19812.19921875,167615100
2023-08-18 00:00:00-04:00,19746.30078125,19845.30078125,19683.900390625,19818.400390625,174024900
2023-08-21 00:00:00-04:00,19837.599609375,19875.69921875,19733.5,19784.900390625,201363500
2023-08-22 00:00:00-04:00,19820.400390625,19820.400390625,19675.099609375,19691.19921875,162812800
2023-08-23 00:00:00-04:00,19718.80078125,19907.30078125,19713.5,19879.80078125,184846600
2023-08-24 00:00:00-04:00,19862.0,19900.900390625,19775.80078125,19775.80078125,180708000
2023-08-25 00:00:00-04:00,19838.099609375,19883.599609375,19681.80078125,19835.80078125,147497500
2023-08-28 00:00:00-04:00,19900.30078125,20038.599609375,19900.30078125,20025.099609375,161416000
2023-08-29 00:00:00-04:00,20014.30078125,20290.80078125,19999.599609375,20290.400390625,175093600
2023-08-30 00:00:00-04:00,20319.400390625,20403.400390625,20309.400390625,20330.30078125,149122100
2023-08-31 00:00:00-04:00,20392.69921875,20426.69921875,20286.599609375,20292.599609375,295670100
2023-09-01 00:00:00-04:00,20398.80078125,20575.400390625,20398.80078125,20545.400390625,208562600
2023-09-05 00:00:00-04:00,20521.400390625,20546.400390625,20412.900390625,20413.80078125,207766100
2023-09-06 00:00:00-04:00,20375.099609375,20375.099609375,20181.599609375,20227.0,203759200
2023-09-07 00:00:00-04:00,20175.599609375,20224.69921875,20119.400390625,20132.099609375,229427100
2023-09-08 00:00:00-04:00,20118.80078125,20161.099609375,20066.400390625,20074.69921875,161860900
2023-09-11 00:00:00-04:00,20117.69921875,20222.900390625,20096.900390625,20182.80078125,182505900
2023-09-12 00:00:00-04:00,20154.30078125,20267.900390625,20154.30078125,20223.099609375,204613300
2023-09-13 00:00:00-04:00,20228.80078125,20298.69921875,20202.69921875,20278.900390625,203489100
2023-09-14 00:00:00-04:00,20370.400390625,20576.5,20370.400390625,20567.80078125,240479500
2023-09-15 00:00:00-04:00,20558.5,20652.19921875,20534.5,20622.30078125,511260500
2023-09-18 00:00:00-04:00,20592.80078125,20598.599609375,20449.099609375,20492.80078125,209947200
2023-09-19 00:00:00-04:00,20447.69921875,20447.69921875,20203.30078125,20218.900390625,204462900
2023-09-20 00:00:00-04:00,20238.30078125,20351.5,20214.400390625,20214.69921875,168205300
2023-09-21 00:00:00-04:00,20115.0,20115.0,19791.599609375,19791.599609375,234089500
2023-09-22 00:00:00-04:00,19852.099609375,19898.900390625,19769.30078125,19780.0,175034100
2023-09-25 00:00:00-04:00,19733.69921875,19850.19921875,19671.80078125,19800.599609375,223278100
2023-09-26 00:00:00-04:00,19729.099609375,19774.69921875,19555.5,19556.19921875,232673700
2023-09-27 00:00:00-04:00,19590.400390625,19633.400390625,19341.400390625,19436.0,234124200
2023-09-28 00:00:00-04:00,19424.19921875,19629.0,19409.599609375,19590.69921875,212463200
2023-09-29 00:00:00-04:00,19671.30078125,19707.599609375,19529.900390625,19541.30078125,244108100
2023-10-02 00:00:00-04:00,19520.900390625,19520.900390625,19145.30078125,19177.19921875,240239600
2023-10-03 00:00:00-04:00,19094.599609375,19125.900390625,18945.80078125,19020.900390625,227841300
2023-10-04 00:00:00-04:00,19017.69921875,19052.19921875,18847.099609375,19034.80078125,215488300
2023-10-05 00:00:00-04:00,18999.5,19157.5,18997.80078125,19137.80078125,191165600
2023-10-06 00:00:00-04:00,19079.599609375,19283.80078125,18907.599609375,19246.099609375,171571500
2023-10-10 00:00:00-04:00,19304.099609375,19573.0,19304.099609375,19501.19921875,211061100
2023-10-11 00:00:00-04:00,19557.5,19669.599609375,19541.69921875,19663.80078125,203638900
2023-10-12 00:00:00-04:00,19673.599609375,19702.099609375,19410.5,19500.19921875,149020600
2023-10-13 00:00:00-04:00,19620.5,19659.099609375,19435.0,19462.900390625,178223300
2023-10-16 00:00:00-04:00,19498.099609375,19643.099609375,19426.900390625,19620.80078125,192172100
2023-10-17 00:00:00-04:00,19561.599609375,19768.599609375,19552.19921875,19692.80078125,195977300
2023-10-18 00:00:00-04:00,19670.099609375,19670.099609375,19434.30078125,19450.69921875,189308900
2023-10-19 00:00:00-04:00,19448.599609375,19505.19921875,19327.099609375,19348.80078125,193909500
2023-10-20 00:00:00-04:00,19309.5,19309.5,19115.599609375,19115.599609375,200966000
2023-10-23 00:00:00-04:00,19042.900390625,19193.400390625,18937.599609375,19046.69921875,194662500
2023-10-24 00:00:00-04:00,19091.19921875,19139.19921875,18952.19921875,18986.5,191869600
2023-10-25 00:00:00-04:00,18929.69921875,19090.80078125,18922.400390625,18947.900390625,182306500
2023-10-26 00:00:00-04:00,18918.099609375,18987.400390625,18811.30078125,18875.30078125,193011000
2023-10-27 00:00:00-04:00,18916.099609375,18927.400390625,18692.099609375,18737.400390625,169618100
2023-10-30 00:00:00-04:00,18794.5,18966.80078125,18762.30078125,18856.80078125,175898200
2023-10-31 00:00:00-04:00,18883.80078125,18928.19921875,18823.900390625,18873.5,255771100
2023-11-01 00:00:00-04:00,18926.19921875,19089.69921875,18907.69921875,19079.0,211870500
2023-11-02 00:00:00-04:00,19162.400390625,19640.099609375,19162.400390625,19626.30078125,223991900
2023-11-03 00:00:00-04:00,19701.30078125,19888.400390625,19690.30078125,19824.900390625,241029200
2023-11-06 00:00:00-05:00,19850.30078125,19905.400390625,19710.0,19743.900390625,178950300
2023-11-07 00:00:00-05:00,19701.30078125,19701.30078125,19530.69921875,19575.599609375,228639800
2023-11-08 00:00:00-05:00,19566.400390625,19646.0,19479.400390625,19530.19921875,196549500
2023-11-09 00:00:00-05:00,19578.80078125,19791.099609375,19578.80078125,19587.400390625,204740300
2023-11-10 00:00:00-05:00,19596.19921875,19655.900390625,19503.19921875,19654.5,170463500
2023-11-13 00:00:00-05:00,19637.69921875,19775.599609375,19606.30078125,19709.19921875,149713900
2023-11-14 00:00:00-05:00,19863.5,20071.0,19863.5,20023.69921875,223084300
2023-11-15 00:00:00-05:00,20061.0,20139.30078125,20035.400390625,20057.900390625,218852500
2023-11-16 00:00:00-05:00,20051.5,20089.5,19969.900390625,20053.099609375,216366800
2023-11-17 00:00:00-05:00,20096.5,20206.599609375,20096.5,20175.80078125,190919700
2023-11-20 00:00:00-05:00,20166.19921875,20262.0,20125.900390625,20246.5,165146100
2023-11-21 00:00:00-05:00,20222.80078125,20259.5,20104.30078125,20110.0,192164500
2023-11-22 00:00:00-05:00,20123.19921875,20168.69921875,20048.900390625,20114.0,200963400
2023-11-23 00:00:00-05:00,20101.900390625,20179.30078125,20101.900390625,20116.69921875,48635800
2023-11-24 00:00:00-05:00,20091.69921875,20156.69921875,20070.5,20103.099609375,119816500
2023-11-27 00:00:00-05:00,20103.69921875,20106.5,20031.80078125,20032.69921875,218137000
2023-11-28 00:00:00-05:00,19955.69921875,20076.0,19918.5,20036.80078125,215593500
2023-11-29 00:00:00-05:00,20063.30078125,20156.30078125,20042.69921875,20116.19921875,203591400
2023-11-30 00:00:00-05:00,20157.599609375,20244.19921875,20107.30078125,20236.30078125,397333600
2023-12-01 00:00:00-05:00,20208.099609375,20459.69921875,20154.900390625,20452.900390625,227706700
2023-12-04 00:00:00-05:00,20407.0,20473.19921875,20341.400390625,20410.19921875,254110400
2023-12-05 00:00:00-05:00,20382.599609375,20453.69921875,20361.19921875,20375.900390625,235689300
2023-12-06 00:00:00-05:00,20392.69921875,20492.099609375,20271.599609375,20274.19921875,257432800
2023-12-07 00:00:00-05:00,20301.599609375,20315.80078125,20236.5,20278.5,241437600
2023-12-08 00:00:00-05:00,20271.599609375,20376.599609375,20265.80078125,20331.5,215407200
2023-12-11 00:00:00-05:00,20304.80078125,20319.5,20209.30078125,20318.400390625,255014500
2023-12-12 00:00:00-05:00,20308.0,20308.0,20162.099609375,20233.80078125,236956300
2023-12-13 00:00:00-05:00,20217.19921875,20629.69921875,20125.099609375,20629.5,253693200
2023-12-14 00:00:00-05:00,20682.099609375,20842.400390625,20682.099609375,20778.80078125,314329900
2023-12-15 00:00:00-05:00,20784.0,20784.0,20499.5,20529.19921875,584631200
2023-12-18 00:00:00-05:00,20543.80078125,20676.19921875,20543.80078125,20622.69921875,223826100
2023-12-19 00:00:00-05:00,20651.69921875,20848.80078125,20651.69921875,20839.599609375,207254000
2023-12-20 00:00:00-05:00,20821.0,20891.900390625,20598.599609375,20600.80078125,252490000
2023-12-21 00:00:00-05:00,20663.69921875,20810.0,20663.69921875,20765.69921875,219444700
2023-12-22 00:00:00-05:00,20796.900390625,20938.69921875,20796.900390625,20881.19921875,185515900
2023-12-27 00:00:00-05:00,20879.0,21091.099609375,20879.0,21015.900390625,154654900
2023-12-28 00:00:00-05:00,20976.0,21022.80078125,20914.5,20929.400390625,149852600
2023-12-29 00:00:00-05:00,20921.400390625,20965.900390625,20860.30078125,20958.400390625,135138200
2024-01-02 00:00:00-05:00,20904.30078125,20937.19921875,20823.599609375,20872.099609375,211253000
2024-01-03 00:00:00-05:00,20804.0,20892.099609375,20707.900390625,20818.599609375,191328700
2024-01-04 00:00:00-05:00,20820.5,20949.30078125,20793.599609375,20871.400390625,176417700
2024-01-05 00:00:00-05:00,20850.69921875,21014.80078125,20839.30078125,20937.599609375,167507900
2024-01-08 00:00:00-05:00,20917.30078125,21076.400390625,20875.19921875,21074.900390625,200466900
2024-01-09 00:00:00-05:00,21023.5,21023.5,20880.400390625,20971.0,194678700
2024-01-10 00:00:00-05:00,20965.0,21030.599609375,20965.0,20989.400390625,178595700
2024-01-11 00:00:00-05:00,20992.69921875,21023.400390625,20773.099609375,20918.400390625,195342900
2024-01-12 00:00:00-05:00,20965.69921875,21140.900390625,20957.19921875,20990.19921875,212930700
2024-01-15 00:00:00-05:00,20966.900390625,21073.599609375,20932.5,21061.900390625,83460200
2024-01-16 00:00:00-05:00,20998.69921875,21006.099609375,20843.0,20948.099609375,217215600
2024-01-17 00:00:00-05:00,20847.599609375,20847.599609375,20594.19921875,20695.0,211740300
2024-01-18 00:00:00-05:00,20725.900390625,20782.30078125,20659.0,20756.69921875,192480400
2024-01-19 00:00:00-05:00,20763.19921875,20909.099609375,20676.5,20906.5,208802400
2024-01-22 00:00:00-05:00,20930.900390625,20975.30078125,20847.099609375,20924.30078125,193396200
2024-01-23 00:00:00-05:00,20939.599609375,21042.900390625,20939.599609375,21034.599609375,173525000
2024-01-24 00:00:00-05:00,21083.599609375,21161.19921875,21019.400390625,21025.80078125,221079400
2024-01-25 00:00:00-05:00,21058.80078125,21120.69921875,21021.80078125,21101.5,177381800
2024-01-26 00:00:00-05:00,21085.0,21142.30078125,21079.900390625,21125.30078125,150909700
2024-01-29 00:00:00-05:00,21106.400390625,21213.0,21015.0,21200.099609375,188328800
2024-01-30 00:00:00-05:00,21187.900390625,21250.5,21104.0,21227.900390625,167593100
2024-01-31 00:00:00-05:00,21204.900390625,21250.900390625,21014.19921875,21021.900390625,222241000
2024-02-01 00:00:00-05:00,21065.5,21189.30078125,20980.900390625,21119.19921875,186251600
2024-02-02 00:00:00-05:00,21128.099609375,21128.099609375,20943.099609375,21085.099609375,181113800
2024-02-05 00:00:00-05:00,21053.5,21053.5,20825.599609375,20871.900390625,199398400
2024-02-06 00:00:00-05:00,20876.80078125,20978.900390625,20869.599609375,20957.69921875,151661400
2024-02-07 00:00:00-05:00,20961.599609375,20990.69921875,20900.900390625,20969.19921875,160630600
2024-02-08 00:00:00-05:00,20926.900390625,20989.80078125,20794.599609375,20919.599609375,195797300
2024-02-09 00:00:00-05:00,20942.5,21028.400390625,20891.099609375,21009.599609375,155281600
2024-02-12 00:00:00-05:00,21011.900390625,21145.80078125,21011.900390625,21067.30078125,188524700
2024-02-13 00:00:00-05:00,20861.5,20861.5,20466.5,20585.0,236175200
2024-02-14 00:00:00-05:00,20664.69921875,20890.099609375,20664.69921875,20889.400390625,199373100
2024-02-15 00:00:00-05:00,20919.900390625,21236.19921875,20919.900390625,21222.69921875,232048500
2024-02-16 00:00:00-05:00,21206.400390625,21324.0,21197.30078125,21255.599609375,195644300
2024-02-20 00:00:00-05:00,21216.19921875,21288.30078125,21183.5,21217.5,238684600
2024-02-21 00:00:00-05:00,21177.69921875,21197.400390625,21100.69921875,21172.400390625,205207700
2024-02-22 00:00:00-05:00,21260.0,21365.400390625,21260.0,21318.099609375,228936600
2024-02-23 00:00:00-05:00,21314.599609375,21440.400390625,21274.400390625,21413.19921875,221386200
2024-02-26 00:00:00-05:00,21391.69921875,21449.900390625,21300.80078125,21324.30078125,228851800
2024-02-27 00:00:00-05:00,21304.30078125,21346.400390625,21264.5,21318.900390625,224618300
2024-02-28 00:00:00-05:00,21296.900390625,21329.5,21239.900390625,21243.80078125,169901600
2024-02-29 00:00:00-05:00,21299.0,21382.30078125,21287.099609375,21363.599609375,465797000
2024-03-01 00:00:00-05:00,21394.19921875,21605.0,21394.19921875,21552.400390625,258838300
2024-03-04 00:00:00-05:00,21546.5,21584.599609375,21491.30078125,21531.099609375,224641800
2024-03-05 00:00:00-05:00,21517.900390625,21623.0,21489.69921875,21525.900390625,261291200
2024-03-06 00:00:00-05:00,21580.599609375,21712.69921875,21546.599609375,21594.0,205464500
2024-03-07 00:00:00-05:00,21629.099609375,21799.5,21629.099609375,21794.599609375,193764600
2024-03-08 00:00:00-05:00,21815.0,21892.099609375,21694.099609375,21737.5,230381100
2024-03-11 00:00:00-04:00,21697.5,21781.5,21633.900390625,21769.19921875,200188300
2024-03-12 00:00:00-04:00,21786.099609375,21840.599609375,21716.400390625,21831.0,212991900
2024-03-13 00:00:00-04:00,21838.099609375,22008.599609375,21838.099609375,21970.099609375,268151700
2024-03-14 00:00:00-04:00,21954.80078125,21954.80078125,21737.5,21829.900390625,281739300
2024-03-15 00:00:00-04:00,21808.80078125,21893.900390625,21788.69921875,21849.19921875,601872700
2024-03-18 00:00:00-04:00,21874.599609375,21874.599609375,21810.400390625,21837.19921875,233448900
2024-03-19 00:00:00-04:00,21842.400390625,21931.400390625,21832.69921875,21860.599609375,203251000
2024-03-20 00:00:00-04:00,21847.099609375,22065.900390625,21837.900390625,22045.69921875,234228600
2024-03-21 00:00:00-04:00,22063.099609375,22197.099609375,22063.099609375,22087.30078125,240423700
2024-03-22 00:00:00-04:00,22090.5,22123.099609375,21965.0,21984.099609375,186013800
2024-03-25 00:00:00-04:00,21968.599609375,22069.099609375,21941.0,21942.30078125,205318500
2024-03-26 00:00:00-04:00,21960.099609375,22037.69921875,21906.19921875,21912.5,241140400
2024-03-27 00:00:00-04:00,21960.400390625,22107.099609375,21953.5,22107.099609375,208095800
2024-03-28 00:00:00-04:00,22126.0,22220.900390625,22126.0,22167.0,245102700
2024-04-01 00:00:00-04:00,22186.5,22204.69921875,22110.599609375,22185.30078125,207425200
2024-04-02 00:00:00-04:00,22127.69921875,22127.69921875,21996.900390625,22075.099609375,239992600
2024-04-03 00:00:00-04:00,22063.30078125,22173.599609375,22062.69921875,22112.5,244078700
2024-04-04 00:00:00-04:00,22156.30078125,22239.099609375,22001.0,22051.80078125,243706600
2024-04-05 00:00:00-04:00,22077.69921875,22316.900390625,22077.0,22264.400390625,226864800
2024-04-08 00:00:00-04:00,22264.30078125,22309.69921875,22178.69921875,22260.30078125,198698200
2024-04-09 00:00:00-04:00,22294.5,22380.19921875,22168.599609375,22361.80078125,204403700
2024-04-10 00:00:00-04:00,22272.69921875,22272.69921875,22099.19921875,22199.099609375,242568000
2024-04-11 00:00:00-04:00,22206.599609375,22221.80078125,21985.69921875,22110.099609375,228788500
2024-04-12 00:00:00-04:00,22114.80078125,22208.30078125,21827.400390625,21900.0,236964400
2024-04-15 00:00:00-04:00,21952.69921875,22025.0,21678.599609375,21740.19921875,228341100
2024-04-16 00:00:00-04:00,21717.400390625,21726.19921875,21536.099609375,21642.900390625,228683400
2024-04-17 00:00:00-04:00,21686.599609375,21824.30078125,21568.599609375,21656.099609375,210382700
2024-04-18 00:00:00-04:00,21676.30078125,21799.400390625,21601.599609375,21708.400390625,208481800
2024-04-19 00:00:00-04:00,21710.19921875,21871.5,21679.80078125,21807.400390625,216771100
2024-04-22 00:00:00-04:00,21791.400390625,21930.900390625,21733.80078125,21872.0,251755000
2024-04-23 00:00:00-04:00,21884.599609375,22051.19921875,21854.19921875,22011.69921875,219020200
2024-04-24 00:00:00-04:00,21995.5,22028.69921875,21796.900390625,21873.69921875,194073200
2024-04-25 00:00:00-04:00,21805.099609375,21920.19921875,21638.400390625,21885.400390625,215405500
2024-04-26 00:00:00-04:00,21907.5,21998.0,21907.5,21969.19921875,180266400
2024-04-29 00:00:00-04:00,22009.0,22052.099609375,21903.099609375,22011.599609375,215065900
2024-04-30 00:00:00-04:00,21941.0,21958.5,21714.5,21714.5,253686700
2024-05-01 00:00:00-04:00,21692.0,21911.30078125,21623.69921875,21728.599609375,241507200
2024-05-02 00:00:00-04:00,21780.80078125,21889.30078125,21682.400390625,21823.19921875,221847800
2024-05-03 00:00:00-04:00,21909.599609375,21983.5,21859.69921875,21947.400390625,228985700
2024-05-06 00:00:00-04:00,21988.80078125,22261.69921875,21988.80078125,22259.5,234299700
2024-05-07 00:00:00-04:00,22279.5,22347.400390625,22261.0,22290.599609375,190099600
2024-05-08 00:00:00-04:00,22089.599609375,22262.0,22048.900390625,22259.19921875,220846500
2024-05-09 00:00:00-04:00,22287.0,22427.0,22287.0,22375.80078125,207372300
2024-05-10 00:00:00-04:00,22395.80078125,22470.30078125,22298.69921875,22308.900390625,242184400
2024-05-13 00:00:00-04:00,22323.19921875,22370.69921875,22238.30078125,22259.19921875,207788000
2024-05-14 00:00:00-04:00,22271.0,22309.0,22182.900390625,22243.30078125,224376000
2024-05-15 00:00:00-04:00,22277.0,22334.69921875,22214.599609375,22284.80078125,221116900
2024-05-16 00:00:00-04:00,22288.80078125,22330.0,22260.69921875,22299.80078125,191357800
2024-05-17 00:00:00-04:00,22326.0,22468.599609375,22301.099609375,22465.400390625,243629500
2024-05-21 00:00:00-04:00,22436.400390625,22555.0,22416.0,22468.19921875,264642500
2024-05-22 00:00:00-04:00,22434.099609375,22439.099609375,22283.5,22346.80078125,234235500
2024-05-23 00:00:00-04:00,22376.69921875,22421.099609375,22134.69921875,22200.80078125,240357600
2024-05-24 00:00:00-04:00,22220.30078125,22354.80078125,22220.30078125,22320.900390625,200498000
2024-05-27 00:00:00-04:00,22337.30078125,22388.900390625,22337.30078125,22373.400390625,81363000
2024-05-28 00:00:00-04:00,22346.900390625,22346.900390625,22209.30078125,22265.099609375,231949500
2024-05-29 00:00:00-04:00,22170.19921875,22170.19921875,21896.69921875,21898.0,232685600
2024-05-30 00:00:00-04:00,21915.30078125,22108.80078125,21915.30078125,22071.69921875,205983400
2024-05-31 00:00:00-04:00,22102.80078125,22271.19921875,21966.19921875,22269.099609375,373397200
2024-06-03 00:00:00-04:00,22262.099609375,22312.099609375,22014.900390625,22116.69921875,272252400
2024-06-04 00:00:00-04:00,22059.900390625,22059.900390625,21828.400390625,21978.19921875,223803600
2024-06-05 00:00:00-04:00,22028.30078125,22180.30078125,22028.30078125,22145.0,216727300
2024-06-06 00:00:00-04:00,22125.5,22235.0,22125.5,22229.099609375,198208700
2024-06-07 00:00:00-04:00,22139.099609375,22144.30078125,22002.69921875,22007.0,238335600
2024-06-10 00:00:00-04:00,21992.69921875,22105.69921875,21953.400390625,22069.80078125,227995100
2024-06-11 00:00:00-04:00,22011.099609375,22011.099609375,21842.900390625,21887.30078125,219585500
2024-06-12 00:00:00-04:00,21986.30078125,22127.69921875,21933.30078125,21961.599609375,244264400
2024-06-13 00:00:00-04:00,21930.80078125,21930.80078125,21680.099609375,21698.099609375,239756200
2024-06-14 00:00:00-04:00,21667.099609375,21667.099609375,21486.80078125,21639.099609375,224349800
2024-06-17 00:00:00-04:00,21584.30078125,21604.099609375,21466.599609375,21587.900390625,283551500
2024-06-18 00:00:00-04:00,21569.0,21708.099609375,21567.0,21611.30078125,222238400
2024-06-19 00:00:00-04:00,21591.80078125,21642.0,21491.599609375,21516.900390625,95798000
2024-06-20 00:00:00-04:00,21520.400390625,21662.400390625,21520.400390625,21581.400390625,274646100
2024-06-21 00:00:00-04:00,21576.0,21586.400390625,21499.599609375,21554.900390625,673563300
2024-06-24 00:00:00-04:00,21585.30078125,21866.900390625,21585.30078125,21848.599609375,258177200
2024-06-25 00:00:00-04:00,21834.30078125,21834.30078125,21704.69921875,21788.5,204190200
2024-06-26 00:00:00-04:00,21724.900390625,21807.69921875,21680.80078125,21793.900390625,193992600
2024-06-27 00:00:00-04:00,21798.400390625,21956.69921875,21798.400390625,21942.19921875,171009300
2024-06-28 00:00:00-04:00,21973.099609375,22050.30078125,21807.30078125,21875.80078125,276278900
2024-07-02 00:00:00-04:00,21850.400390625,21955.69921875,21802.30078125,21953.80078125,272323600
2024-07-03 00:00:00-04:00,22003.69921875,22273.900390625,22003.69921875,22223.69921875,166705700
2024-07-04 00:00:00-04:00,22225.099609375,22287.0,22224.69921875,22244.0,69899700
2024-07-05 00:00:00-04:00,22277.5,22288.900390625,22059.0,22059.0,225355600
2024-07-08 00:00:00-04:00,22048.099609375,22133.599609375,21997.599609375,22126.099609375,179359500
2024-07-09 00:00:00-04:00,22099.0,22113.69921875,22028.400390625,22042.5,175435900
2024-07-10 00:00:00-04:00,22074.19921875,22354.099609375,22074.19921875,22350.19921875,242273200
2024-07-11 00:00:00-04:00,22399.80078125,22574.69921875,22399.80078125,22544.099609375,228304000
2024-07-12 00:00:00-04:00,22571.19921875,22750.30078125,22571.19921875,22673.5,187317600
2024-07-15 00:00:00-04:00,22693.69921875,22818.400390625,22633.19921875,22751.69921875,200939000
2024-07-16 00:00:00-04:00,22810.099609375,22996.099609375,22757.69921875,22995.400390625,190782300
2024-07-17 00:00:00-04:00,22914.80078125,22952.69921875,22808.19921875,22851.19921875,197698700
2024-07-18 00:00:00-04:00,22857.19921875,22888.30078125,22648.900390625,22726.80078125,230478600
2024-07-19 00:00:00-04:00,22676.5,22770.400390625,22616.19921875,22690.400390625,157255100
2024-07-22 00:00:00-04:00,22742.599609375,22892.30078125,22700.900390625,22872.69921875,209074300
2024-07-23 00:00:00-04:00,22870.80078125,22871.099609375,22771.099609375,22813.80078125,156543300
2024-07-24 00:00:00-04:00,22756.19921875,22844.80078125,22639.599609375,22639.599609375,194142500
2024-07-25 00:00:00-04:00,22597.099609375,22719.099609375,22464.0,22608.0,212777400
2024-07-26 00:00:00-04:00,22683.900390625,22843.19921875,22683.900390625,22814.80078125,174461100
2024-07-29 00:00:00-04:00,22836.80078125,22877.30078125,22703.80078125,22779.599609375,173007000
2024-07-30 00:00:00-04:00,22787.19921875,22900.400390625,22775.5,22824.69921875,188736600
2024-07-31 00:00:00-04:00,22906.599609375,23209.69921875,22906.599609375,23110.80078125,255760100
2024-08-01 00:00:00-04:00,23105.30078125,23123.900390625,22622.0,22723.19921875,253145500
2024-08-02 00:00:00-04:00,22557.30078125,22557.30078125,22020.19921875,22227.599609375,293203700
2024-08-06 00:00:00-04:00,22013.900390625,22063.30078125,21659.30078125,21979.400390625,322343500
2024-08-07 00:00:00-04:00,22199.900390625,22267.19921875,21835.69921875,21881.0,260264600
2024-08-08 00:00:00-04:00,21949.900390625,22288.80078125,21949.900390625,22225.599609375,207742800
2024-08-09 00:00:00-04:00,22245.400390625,22324.900390625,22131.0,22311.30078125,193471800
2024-08-12 00:00:00-04:00,22341.400390625,22452.69921875,22322.80078125,22398.900390625,245704500
2024-08-13 00:00:00-04:00,22439.69921875,22620.5,22439.69921875,22618.19921875,218020800
2024-08-14 00:00:00-04:00,22620.900390625,22763.69921875,22601.900390625,22760.0,229000300
2024-08-15 00:00:00-04:00,22877.599609375,23074.599609375,22877.599609375,23032.69921875,208220100
2024-08-16 00:00:00-04:00,23015.19921875,23070.599609375,22984.400390625,23054.599609375,182345900
2024-08-19 00:00:00-04:00,23039.19921875,23192.5,23039.19921875,23116.400390625,258284600
2024-08-20 00:00:00-04:00,23117.099609375,23131.30078125,22994.30078125,23037.400390625,205279200
2024-08-21 00:00:00-04:00,23025.19921875,23125.900390625,23025.19921875,23121.69921875,175405300
2024-08-22 00:00:00-04:00,23092.19921875,23110.19921875,22983.099609375,23037.5,214223700
2024-08-23 00:00:00-04:00,23100.69921875,23342.599609375,23100.69921875,23286.099609375,200271100
2024-08-26 00:00:00-04:00,23304.30078125,23414.0,23304.30078125,23349.0,211205900
2024-08-27 00:00:00-04:00,23281.30078125,23315.400390625,23185.69921875,23260.0,204086500
2024-08-28 00:00:00-04:00,23230.599609375,23239.400390625,23063.69921875,23127.0,220336900
2024-08-29 00:00:00-04:00,23174.599609375,23336.900390625,23174.599609375,23227.5,228787600
2024-08-30 00:00:00-04:00,23219.599609375,23353.0,23148.5,23346.19921875,314444900
2024-09-03 00:00:00-04:00,23282.30078125,23282.30078125,22976.599609375,23042.5,312301700
2024-09-04 00:00:00-04:00,22986.19921875,23146.0,22981.400390625,23040.80078125,228750900
2024-09-05 00:00:00-04:00,23070.19921875,23173.80078125,22976.30078125,22988.30078125,209588300
2024-09-06 00:00:00-04:00,22997.19921875,23119.30078125,22679.900390625,22781.400390625,250135600
2024-09-09 00:00:00-04:00,22879.19921875,23082.400390625,22879.19921875,23027.19921875,254960300
2024-09-10 00:00:00-04:00,23030.69921875,23030.69921875,22791.599609375,23003.099609375,292281000
2024-09-11 00:00:00-04:00,22999.400390625,23211.19921875,22829.19921875,23211.19921875,265748800
2024-09-12 00:00:00-04:00,23231.69921875,23483.099609375,23231.69921875,23475.099609375,312048900
2024-09-13 00:00:00-04:00,23523.5,23637.30078125,23523.5,23568.69921875,261854300
2024-09-16 00:00:00-04:00,23583.099609375,23721.599609375,23548.69921875,23702.099609375,267640100
2024-09-17 00:00:00-04:00,23754.900390625,23800.599609375,23603.900390625,23677.69921875,276234500
2024-09-18 00:00:00-04:00,23672.30078125,23780.19921875,23557.400390625,23592.599609375,239771300
2024-09-19 00:00:00-04:00,23756.30078125,23909.5,23729.400390625,23866.30078125,249652800
2024-09-20 00:00:00-04:00,23875.099609375,23883.400390625,23740.400390625,23867.400390625,742792500
2024-09-23 00:00:00-04:00,23877.19921875,23961.400390625,23807.69921875,23894.69921875,299271000
2024-09-24 00:00:00-04:00,23931.400390625,24011.19921875,23919.5,23952.19921875,222321800
2024-09-25 00:00:00-04:00,23938.30078125,23962.099609375,23876.69921875,23905.900390625,209808900
2024-09-26 00:00:00-04:00,23943.599609375,24107.0,23943.599609375,24033.80078125,251126000
2024-09-27 00:00:00-04:00,24041.099609375,24075.599609375,23955.599609375,23956.80078125,330882900
2024-09-30 00:00:00-04:00,23901.5,24010.80078125,23824.19921875,24000.400390625,235526800
2024-10-01 00:00:00-04:00,23982.900390625,24065.80078125,23875.69921875,24034.0,251218300
2024-10-02 00:00:00-04:00,24068.5,24113.30078125,23951.19921875,24001.599609375,203004000
2024-10-03 00:00:00-04:00,23966.69921875,23982.19921875,23824.0,23968.5,209437900
2024-10-04 00:00:00-04:00,24044.599609375,24179.30078125,24044.599609375,24162.80078125,229682100
2024-10-07 00:00:00-04:00,24137.900390625,24173.099609375,23988.19921875,24102.69921875,256823000
2024-10-08 00:00:00-04:00,24076.400390625,24083.099609375,23969.30078125,24072.5,207903200
2024-10-09 00:00:00-04:00,24043.69921875,24230.099609375,24009.5,24224.900390625,182137600
2024-10-10 00:00:00-04:00,24176.400390625,24315.5,24134.900390625,24302.30078125,254987400
2024-10-11 00:00:00-04:00,24302.30078125,24520.30078125,24302.30078125,24471.19921875,227977200
2024-10-15 00:00:00-04:00,24459.19921875,24479.19921875,24357.900390625,24439.099609375,278927200
2024-10-16 00:00:00-04:00,24469.0,24603.099609375,24469.0,24561.19921875,230565800
2024-10-17 00:00:00-04:00,24602.30078125,24704.400390625,24602.30078125,24690.5,219053900
2024-10-18 00:00:00-04:00,24714.099609375,24850.19921875,24698.0,24822.5,231848200
2024-10-21 00:00:00-04:00,24838.19921875,24922.900390625,24692.099609375,24723.30078125,219491900
2024-10-22 00:00:00-04:00,24681.5,24692.69921875,24565.19921875,24689.69921875,82801600
2024-10-23 00:00:00-04:00,24675.400390625,24709.0,24453.400390625,24573.599609375,184290100
2024-10-24 00:00:00-04:00,24557.099609375,24590.5,24372.30078125,24551.599609375,212931800
2024-10-25 00:00:00-04:00,24547.0,24606.900390625,24435.80078125,24463.69921875,171032700
2024-10-28 00:00:00-04:00,24456.900390625,24599.0,24406.400390625,24565.69921875,220373200
2024-10-29 00:00:00-04:00,24542.80078125,24591.400390625,24461.900390625,24562.599609375,201022200
2024-10-30 00:00:00-04:00,24486.400390625,24571.30078125,24428.099609375,24507.80078125,179923200
2024-10-31 00:00:00-04:00,24457.80078125,24457.80078125,24098.5,24156.900390625,283411400
2024-11-01 00:00:00-04:00,24225.30078125,24365.099609375,24205.19921875,24255.19921875,210239500
2024-11-04 00:00:00-05:00,24219.19921875,24353.400390625,24162.19921875,24256.099609375,251991400
2024-11-05 00:00:00-05:00,24262.5,24393.80078125,24231.80078125,24387.900390625,197183200
2024-11-06 00:00:00-05:00,24483.19921875,24646.400390625,24315.19921875,24637.5,273181100
2024-11-07 00:00:00-05:00,24651.400390625,24869.19921875,24644.30078125,24845.900390625,259934800
2024-11-08 00:00:00-05:00,24804.30078125,24804.30078125,24679.69921875,24759.400390625,213057300
2024-11-11 00:00:00-05:00,24783.599609375,24901.5,24772.5,24789.30078125,212522000
2024-11-12 00:00:00-05:00,24979.80078125,25024.900390625,24826.099609375,24923.0,242350000
2024-11-13 00:00:00-05:00,24917.69921875,25003.0,24860.599609375,24989.0,217240300
2024-11-14 00:00:00-05:00,24990.099609375,25137.69921875,24990.099609375,25049.69921875,219873300
2024-11-15 00:00:00-05:00,25004.5,25004.5,24814.900390625,24890.69921875,253363600
2024-11-18 00:00:00-05:00,24906.5,25082.900390625,24906.5,24976.900390625,286275200
2024-11-19 00:00:00-05:00,24887.400390625,25018.599609375,24787.80078125,25010.80078125,226203600
2024-11-20 00:00:00-05:00,25022.599609375,25041.599609375,24909.69921875,25036.5,214812100
2024-11-21 00:00:00-05:00,25076.900390625,25402.099609375,25040.599609375,25390.69921875,270817700
2024-11-22 00:00:00-05:00,25395.69921875,25478.400390625,25360.099609375,25444.30078125,196541000
2024-11-25 00:00:00-05:00,25457.30078125,25542.599609375,25389.69921875,25410.400390625,444928500
2024-11-26 00:00:00-05:00,25391.69921875,25437.19921875,25288.5,25405.099609375,274999500
2024-11-27 00:00:00-05:00,25388.5,25524.599609375,25385.400390625,25488.30078125,201383600
2024-11-28 00:00:00-05:00,25483.400390625,25593.5,25483.400390625,25543.5,81479800
2024-11-29 00:00:00-05:00,25530.19921875,25694.5,25529.0,25648.0,176428600
2024-12-02 00:00:00-05:00,25650.30078125,25706.5,25492.599609375,25590.30078125,295580600
2024-12-03 00:00:00-05:00,25589.19921875,25693.69921875,25578.69921875,25635.69921875,268960100
2024-12-04 00:00:00-05:00,25666.400390625,25743.5,25573.599609375,25641.19921875,277667000
2024-12-05 00:00:00-05:00,25550.900390625,25760.19921875,25550.900390625,25680.0,250512000
2024-12-06 00:00:00-05:00,25743.0,25827.0,25684.69921875,25691.80078125,229584500
2024-12-09 00:00:00-05:00,25713.0,25843.19921875,25608.0,25625.400390625,287251400
2024-12-10 00:00:00-05:00,25616.69921875,25621.69921875,25498.900390625,25504.30078125,269234200
2024-12-11 00:00:00-05:00,25558.80078125,25674.69921875,25533.80078125,25657.69921875,257757200
2024-12-12 00:00:00-05:00,25607.19921875,25607.19921875,25393.69921875,25410.69921875,243068700
2024-12-13 00:00:00-05:00,25403.599609375,25403.599609375,25216.400390625,25274.30078125,222088900
2024-12-16 00:00:00-05:00,25255.900390625,25265.30078125,25133.80078125,25147.19921875,256368800
2024-12-17 00:00:00-05:00,25070.80078125,25131.80078125,25008.099609375,25119.69921875,280468000
2024-12-18 00:00:00-05:00,25095.0,25116.30078125,24512.69921875,24557.0,296439200
2024-12-19 00:00:00-05:00,24590.900390625,24650.400390625,24408.5,24413.900390625,231747700
2024-12-20 00:00:00-05:00,24361.30078125,24720.900390625,24250.0,24599.5,517445900
2024-12-23 00:00:00-05:00,24566.30078125,24749.80078125,24510.5,24749.0,258159700
2024-12-24 00:00:00-05:00,24748.19921875,24846.80078125,24665.599609375,24846.80078125,86275400
2024-12-27 00:00:00-05:00,24801.69921875,24876.80078125,24701.19921875,24796.400390625,218074800
2024-12-30 00:00:00-05:00,24667.099609375,24691.5,24491.5,24620.599609375,201541100
2024-12-31 00:00:00-05:00,24651.5,24767.80078125,24651.5,24727.900390625,154427000
2025-01-02 00:00:00-05:00,24821.19921875,25003.19921875,24777.099609375,24898.0,215089400
2025-01-03 00:00:00-05:00,24940.0,25086.0,24940.0,25073.5,186569100
2025-01-06 00:00:00-05:00,25169.0,25222.400390625,24967.900390625,24999.80078125,239976800
2025-01-07 00:00:00-05:00,25059.900390625,25197.0,24863.900390625,24929.900390625,237759800
2025-01-08 00:00:00-05:00,24930.0,25061.599609375,24856.19921875,25051.69921875,249050200
2025-01-09 00:00:00-05:00,25040.099609375,25100.19921875,25025.099609375,25073.400390625,102055300
2025-01-10 00:00:00-05:00,25003.400390625,25003.400390625,24693.80078125,24767.69921875,286998300
2025-01-13 00:00:00-05:00,24629.099609375,24668.099609375,24519.80078125,24536.30078125,243466400
2025-01-14 00:00:00-05:00,24566.400390625,24623.19921875,24469.900390625,24588.599609375,226054200
2025-01-15 00:00:00-05:00,24733.400390625,24879.19921875,24733.400390625,24789.30078125,214065500
2025-01-16 00:00:00-05:00,24826.19921875,24884.19921875,24771.900390625,24846.19921875,231750100
2025-01-17 00:00:00-05:00,24931.19921875,25088.0,24931.19921875,25067.900390625,216651200
2025-01-20 00:00:00-05:00,25064.30078125,25245.80078125,25064.30078125,25130.80078125,51725900
2025-01-21 00:00:00-05:00,25167.30078125,25316.099609375,25134.099609375,25281.599609375,227097500
2025-01-22 00:00:00-05:00,25315.19921875,25368.900390625,25281.19921875,25311.5,204134500
2025-01-23 00:00:00-05:00,25308.19921875,25441.099609375,25308.19921875,25434.099609375,201243100
2025-01-24 00:00:00-05:00,25442.599609375,25500.80078125,25415.400390625,25468.5,191948400
2025-01-27 00:00:00-05:00,25347.900390625,25347.900390625,25204.099609375,25289.19921875,232863700
2025-01-28 00:00:00-05:00,25322.30078125,25425.900390625,25277.099609375,25419.5,202058100
2025-01-29 00:00:00-05:00,25411.599609375,25554.30078125,25361.30078125,25473.30078125,182757300
2025-01-30 00:00:00-05:00,25549.900390625,25875.599609375,25549.900390625,25808.30078125,225807000
2025-01-31 00:00:00-05:00,25822.80078125,25869.80078125,25526.0,25533.099609375,249261900
2025-02-03 00:00:00-05:00,25139.400390625,25368.900390625,24742.900390625,25241.80078125,322868900
2025-02-04 00:00:00-05:00,25270.30078125,25446.19921875,25259.400390625,25279.400390625,241818100
2025-02-05 00:00:00-05:00,25312.80078125,25571.099609375,25307.30078125,25569.80078125,253026000
2025-02-06 00:00:00-05:00,25611.0,25669.80078125,25402.80078125,25534.5,242542000
2025-02-07 00:00:00-05:00,25544.599609375,25587.5,25380.400390625,25442.900390625,238132400
2025-02-10 00:00:00-05:00,25562.80078125,25720.599609375,25562.80078125,25658.900390625,275555500
2025-02-11 00:00:00-05:00,25634.30078125,25672.900390625,25480.30078125,25631.80078125,224685900
2025-02-12 00:00:00-05:00,25503.30078125,25625.30078125,25453.900390625,25563.099609375,210483500
2025-02-13 00:00:00-05:00,25579.30078125,25713.30078125,25579.30078125,25698.5,203033900
2025-02-14 00:00:00-05:00,25700.900390625,25701.30078125,25470.80078125,25483.19921875,226493100
2025-02-18 00:00:00-05:00,25510.900390625,25668.900390625,25424.0,25648.80078125,289906600
2025-02-19 00:00:00-05:00,25605.69921875,25635.5,25439.400390625,25626.19921875,233785200
2025-02-20 00:00:00-05:00,25617.19921875,25632.599609375,25436.900390625,25514.099609375,267026600
2025-02-21 00:00:00-05:00,25538.80078125,25538.80078125,25126.69921875,25147.0,263242700
2025-02-24 00:00:00-05:00,25157.5,25255.900390625,25020.0,25151.30078125,247217200
2025-02-25 00:00:00-05:00,25147.0,25258.30078125,24946.099609375,25204.0,292375600
2025-02-26 00:00:00-05:00,25240.80078125,25441.69921875,25208.69921875,25328.400390625,228348000
2025-02-27 00:00:00-05:00,25366.19921875,25417.5,25128.19921875,25128.19921875,275138100
2025-02-28 00:00:00-05:00,25096.19921875,25393.69921875,25012.80078125,25393.5,450777100
2025-03-03 00:00:00-05:00,25411.599609375,25559.5,24885.69921875,25001.599609375,340862200
2025-03-04 00:00:00-05:00,24862.19921875,24862.19921875,24344.80078125,24572.0,350240700
2025-03-05 00:00:00-05:00,24555.900390625,24881.80078125,24549.0,24870.80078125,323156900
2025-03-06 00:00:00-05:00,24735.0,24828.400390625,24476.5,24584.0,332961300
2025-03-07 00:00:00-05:00,24547.19921875,24825.400390625,24458.5,24758.80078125,301444800
2025-03-10 00:00:00-04:00,24601.30078125,24601.30078125,24250.0,24380.69921875,459731100
2025-03-11 00:00:00-04:00,24363.0,24493.5,24155.599609375,24248.19921875,365186900
2025-03-12 00:00:00-04:00,24334.0,24516.30078125,24227.80078125,24423.30078125,332655500
2025-03-13 00:00:00-04:00,24375.099609375,24467.599609375,24145.599609375,24203.19921875,343747400
2025-03-14 00:00:00-04:00,24301.69921875,24565.400390625,24293.19921875,24553.400390625,262196500
2025-03-17 00:00:00-04:00,24550.099609375,24806.80078125,24550.099609375,24785.099609375,331049100
2025-03-18 00:00:00-04:00,24792.5,24792.5,24572.30078125,24706.099609375,246983500
2025-03-19 00:00:00-04:00,24724.099609375,25115.5,24724.099609375,25069.19921875,230910800
2025-03-20 00:00:00-04:00,24992.099609375,25175.0,24923.099609375,25060.19921875,224988600
2025-03-21 00:00:00-04:00,25001.80078125,25001.80078125,24782.5,24968.5,481351300
2025-03-24 00:00:00-04:00,25060.19921875,25357.80078125,25060.19921875,25304.099609375,307770500
2025-03-25 00:00:00-04:00,25346.400390625,25454.900390625,25318.30078125,25339.5,257341600
2025-03-26 00:00:00-04:00,25356.30078125,25432.80078125,25106.400390625,25161.099609375,212749600
2025-03-27 00:00:00-04:00,25132.19921875,25205.599609375,25023.80078125,25161.099609375,214047400
2025-03-28 00:00:00-04:00,25100.80078125,25100.80078125,24752.599609375,24759.19921875,281350400
2025-03-31 00:00:00-04:00,24650.099609375,24997.19921875,24534.400390625,24917.5,278912400
2025-04-01 00:00:00-04:00,24909.599609375,25072.400390625,24735.5,25033.30078125,230398300
2025-04-02 00:00:00-04:00,24941.400390625,25307.19921875,24812.599609375,25307.19921875,219965200
2025-04-03 00:00:00-04:00,24844.599609375,24844.599609375,24313.099609375,24335.80078125,340850800
2025-04-04 00:00:00-04:00,24118.19921875,24118.19921875,22988.30078125,23193.5,473362500
2025-04-07 00:00:00-04:00,22959.400390625,23477.80078125,22227.69921875,22859.5,439793300
2025-04-08 00:00:00-04:00,23159.599609375,23393.80078125,22314.0,22506.900390625,386919300
2025-04-09 00:00:00-04:00,22440.599609375,23805.5,22228.0,23727.0,435947900
2025-04-10 00:00:00-04:00,23596.900390625,23596.900390625,22703.400390625,23014.900390625,320205200
2025-04-11 00:00:00-04:00,23049.80078125,23645.0,23038.69921875,23587.80078125,298060700
2025-04-14 00:00:00-04:00,23710.099609375,23949.599609375,23668.19921875,23866.5,265948100
2025-04-15 00:00:00-04:00,23888.099609375,24105.099609375,23888.099609375,24067.900390625,246121600
2025-04-16 00:00:00-04:00,24061.900390625,24227.400390625,23905.099609375,24106.80078125,262243700
2025-04-17 00:00:00-04:00,24118.099609375,24307.0,24058.30078125,24192.80078125,251010200
2025-04-21 00:00:00-04:00,24170.30078125,24173.30078125,23820.5,24008.900390625,205181800
2025-04-22 00:00:00-04:00,24115.30078125,24404.69921875,24115.30078125,24306.0,250029500
2025-04-23 00:00:00-04:00,24433.30078125,24671.69921875,24433.30078125,24472.69921875,238730600
2025-04-24 00:00:00-04:00,24492.69921875,24727.5,24464.599609375,24727.5,224419200
2025-04-25 00:00:00-04:00,24669.69921875,24719.0,24602.19921875,24710.5,214234300
2025-04-28 00:00:00-04:00,24701.69921875,24845.5,24701.69921875,24798.599609375,224287200
2025-04-29 00:00:00-04:00,24766.400390625,24910.0,24743.69921875,24874.5,199905200
2025-04-30 00:00:00-04:00,24749.30078125,24843.599609375,24503.599609375,24841.69921875,271264200
2025-05-01 00:00:00-04:00,24854.30078125,24961.80078125,24750.19921875,24795.599609375,213319000
2025-05-02 00:00:00-04:00,24929.599609375,25032.69921875,24861.5,25031.5,208379000
2025-05-05 00:00:00-04:00,24992.400390625,25065.599609375,24903.599609375,24953.5,206754300
2025-05-06 00:00:00-04:00,24941.30078125,25025.099609375,24865.5,24974.69921875,259503800
2025-05-07 00:00:00-04:00,24978.900390625,25162.400390625,24971.900390625,25161.19921875,272414400
2025-05-08 00:00:00-04:00,25143.30078125,25376.19921875,25143.30078125,25254.099609375,296047700
2025-05-09 00:00:00-04:00,25317.099609375,25423.0,25225.0,25357.69921875,272247300
2025-05-12 00:00:00-04:00,25444.69921875,25731.0,25444.69921875,25532.19921875,395734600
2025-05-13 00:00:00-04:00,25578.400390625,25699.19921875,25578.400390625,25616.900390625,264169400
2025-05-14 00:00:00-04:00,25606.30078125,25706.19921875,25548.0,25692.5,239029300
2025-05-15 00:00:00-04:00,25684.5,25898.099609375,25672.0,25897.5,273126400
2025-05-16 00:00:00-04:00,25878.0,25992.900390625,25834.0,25971.900390625,253501900
2025-05-20 00:00:00-04:00,25950.69921875,26117.099609375,25950.69921875,26055.599609375,279199200
2025-05-21 00:00:00-04:00,26013.30078125,26013.30078125,25779.19921875,25839.19921875,260043400
2025-05-22 00:00:00-04:00,25856.400390625,25943.5,25764.80078125,25854.0,250168400
2025-05-23 00:00:00-04:00,25784.599609375,25926.80078125,25724.69921875,25880.0,210950300
2025-05-26 00:00:00-04:00,25942.69921875,26110.599609375,25942.69921875,26098.400390625,59828500
2025-05-27 00:00:00-04:00,26067.69921875,26300.69921875,26067.69921875,26269.0,289380100
2025-05-28 00:00:00-04:00,26278.900390625,26336.30078125,26239.80078125,26283.5,252953300
2025-05-29 00:00:00-04:00,26325.599609375,26385.400390625,26163.400390625,26210.599609375,222482400
2025-05-30 00:00:00-04:00,26176.099609375,26198.80078125,26024.400390625,26175.099609375,466986500
2025-06-02 00:00:00-04:00,26184.400390625,26417.5,26166.599609375,26389.0,309638300
2025-06-03 00:00:00-04:00,26376.5,26463.900390625,26305.099609375,26426.599609375,274196000
2025-06-04 00:00:00-04:00,26438.599609375,26451.099609375,26279.69921875,26329.0,236078700
2025-06-05 00:00:00-04:00,26369.30078125,26425.69921875,26317.0,26342.30078125,269779600
2025-06-06 00:00:00-04:00,26432.19921875,26519.599609375,26389.900390625,26429.099609375,260528100
2025-06-09 00:00:00-04:00,26411.0,26464.5,26327.69921875,26375.80078125,297189900
2025-06-10 00:00:00-04:00,26391.599609375,26476.69921875,26349.0,26426.30078125,282387900
2025-06-11 00:00:00-04:00,26471.400390625,26586.80078125,26466.599609375,26524.19921875,282010700
2025-06-12 00:00:00-04:00,26516.30078125,26615.80078125,26466.5,26615.80078125,258764900
2025-06-13 00:00:00-04:00,26555.599609375,26597.599609375,26458.400390625,26504.400390625,344873000
2025-06-16 00:00:00-04:00,26535.80078125,26681.69921875,26533.30078125,26568.599609375,336369300
2025-06-17 00:00:00-04:00,26554.599609375,26592.30078125,26463.19921875,26541.400390625,266053700
2025-06-18 00:00:00-04:00,26555.5,26639.0,26538.599609375,26559.900390625,246676400
2025-06-19 00:00:00-04:00,26520.900390625,26527.0,26442.599609375,26503.30078125,49472100
2025-06-20 00:00:00-04:00,26603.30078125,26665.0,26450.599609375,26497.599609375,503992700
2025-06-23 00:00:00-04:00,26484.5,26679.5,26484.5,26609.400390625,308416400
2025-06-24 00:00:00-04:00,26610.80078125,26780.19921875,26565.80078125,26718.599609375,276580400
2025-06-25 00:00:00-04:00,26713.19921875,26713.19921875,26546.69921875,26566.30078125,237801300
2025-06-26 00:00:00-04:00,26575.599609375,26752.0,26552.19921875,26752.0,245526400
2025-06-27 00:00:00-04:00,26703.69921875,26806.599609375,26574.0,26692.30078125,309773400
2025-06-30 00:00:00-04:00,26733.0,26857.099609375,26660.5,26857.099609375,256419400
2025-07-02 00:00:00-04:00,26849.599609375,26893.80078125,26762.900390625,26869.69921875,267379900
2025-07-03 00:00:00-04:00,26888.69921875,27039.30078125,26878.30078125,27034.30078125,165784400
2025-07-04 00:00:00-04:00,27011.30078125,27076.80078125,26987.900390625,27050.900390625,38494700
2025-07-07 00:00:00-04:00,27029.400390625,27100.19921875,26964.0,27020.30078125,299306600
2025-07-08 00:00:00-04:00,27033.30078125,27070.19921875,26861.0,26903.599609375,325494600
2025-07-09 00:00:00-04:00,26926.099609375,27018.5,26908.30078125,26972.30078125,226394100
2025-07-10 00:00:00-04:00,26980.69921875,27120.0,26918.80078125,27082.30078125,271236700
2025-07-11 00:00:00-04:00,27042.900390625,27044.0,26928.099609375,27023.30078125,221467900
2025-07-14 00:00:00-04:00,27035.19921875,27219.30078125,27001.19921875,27198.900390625,222940900
2025-07-15 00:00:00-04:00,27210.599609375,27239.5,27017.80078125,27054.099609375,220698100
2025-07-16 00:00:00-04:00,27074.400390625,27159.900390625,26923.400390625,27153.0,213116600
2025-07-17 00:00:00-04:00,27190.19921875,27422.400390625,27146.0,27386.900390625,222730400
2025-07-18 00:00:00-04:00,27413.599609375,27422.099609375,27289.19921875,27314.0,192406300
2025-07-21 00:00:00-04:00,27350.900390625,27448.5,27303.19921875,27317.0,218636700
2025-07-22 00:00:00-04:00,27304.80078125,27396.5,27270.5,27364.400390625,240118600
2025-07-23 00:00:00-04:00,27354.69921875,27462.80078125,27354.69921875,27416.400390625,211667500
2025-07-24 00:00:00-04:00,27407.099609375,27479.0,27321.400390625,27372.30078125,227503500
2025-07-25 00:00:00-04:00,27377.0,27516.0,27364.599609375,27494.400390625,191524300
2025-07-28 00:00:00-04:00,27493.099609375,27493.099609375,27351.30078125,27405.400390625,205699100
2025-07-29 00:00:00-04:00,27434.80078125,27544.599609375,27434.80078125,27539.900390625,201499500
2025-07-30 00:00:00-04:00,27525.80078125,27581.19921875,27290.0,27370.0,211185700
2025-07-31 00:00:00-04:00,27388.900390625,27481.099609375,27218.599609375,27259.80078125,236411000
2025-08-01 00:00:00-04:00,27171.69921875,27171.69921875,26846.69921875,27020.400390625,224548300
2025-08-05 00:00:00-04:00,27254.30078125,27575.30078125,27254.30078125,27570.099609375,282282500
2025-08-06 00:00:00-04:00,27800.5,27955.599609375,27800.5,27920.900390625,261123900
2025-08-07 00:00:00-04:00,27977.80078125,27977.80078125,27683.0,27761.30078125,222711100
2025-08-08 00:00:00-04:00,27792.5,27869.900390625,27739.80078125,27758.69921875,229789800
2025-08-11 00:00:00-04:00,27731.099609375,27841.400390625,27731.099609375,27775.19921875,219844100
2025-08-12 00:00:00-04:00,27816.0,27954.0,27816.0,27921.30078125,204006700
2025-08-13 00:00:00-04:00,27976.599609375,28063.69921875,27942.0,27993.400390625,228308900
2025-08-14 00:00:00-04:00,27942.599609375,27960.69921875,27836.400390625,27916.0,206508300
2025-08-15 00:00:00-04:00,27930.599609375,27932.099609375,27850.80078125,27905.5,207135100
2025-08-18 00:00:00-04:00,27887.30078125,27922.900390625,27840.900390625,27922.900390625,211170700
2025-08-19 00:00:00-04:00,27921.599609375,27998.30078125,27816.19921875,27823.900390625,189729900
2025-08-20 00:00:00-04:00,27821.30078125,27913.80078125,27802.099609375,27878.80078125,215029900
2025-08-21 00:00:00-04:00,27858.599609375,28063.5,27845.5,28055.400390625,208913900
2025-08-22 00:00:00-04:00,28079.5,28394.599609375,28079.5,28333.099609375,303570000
2025-08-25 00:00:00-04:00,28313.69921875,28313.69921875,28138.69921875,28169.900390625,238288800
2025-08-26 00:00:00-04:00,28173.900390625,28346.599609375,28159.599609375,28339.900390625,380689500
2025-08-27 00:00:00-04:00,28352.5,28468.30078125,28352.5,28433.0,251914200
2025-08-28 00:00:00-04:00,28505.099609375,28530.19921875,28349.599609375,28434.80078125,203072100
2025-08-29 00:00:00-04:00,28416.400390625,28607.30078125,28370.900390625,28564.5,249046500
2025-09-02 00:00:00-04:00,28497.400390625,28617.599609375,28370.099609375,28615.599609375,246992600
2025-09-03 00:00:00-04:00,28667.900390625,28761.900390625,28656.900390625,28751.400390625,235955700
2025-09-04 00:00:00-04:00,28761.900390625,28924.30078125,28734.900390625,28915.900390625,215745900
2025-09-05 00:00:00-04:00,29002.80078125,29115.400390625,28868.0,29050.599609375,245660000
2025-09-08 00:00:00-04:00,29070.19921875,29102.099609375,28893.900390625,29027.69921875,285660000
2025-09-09 00:00:00-04:00,29018.0,29123.099609375,29018.0,29063.0,278823600
2025-09-10 00:00:00-04:00,29108.5,29218.30078125,29099.900390625,29179.400390625,287547500
2025-09-11 00:00:00-04:00,29192.400390625,29418.80078125,29178.599609375,29407.900390625,256899600
2025-09-12 00:00:00-04:00,29390.69921875,29421.19921875,29254.400390625,29283.80078125,218533800
2025-09-15 00:00:00-04:00,29302.099609375,29432.5,29241.80078125,29431.0,307016200
2025-09-16 00:00:00-04:00,29429.5,29429.5,29247.599609375,29315.19921875,318858700
2025-09-17 00:00:00-04:00,29289.099609375,29465.099609375,29201.900390625,29321.69921875,260946900
2025-09-18 00:00:00-04:00,29347.0,29504.19921875,29319.900390625,29453.5,219478600
2025-09-19 00:00:00-04:00,29620.0,29791.5,29531.5,29768.400390625,812397000
2025-09-22 00:00:00-04:00,29791.0,29990.69921875,29747.900390625,29959.0,352957600
2025-09-23 00:00:00-04:00,30005.69921875,30066.599609375,29811.69921875,29815.599609375,296641400
2025-09-24 00:00:00-04:00,29865.0,30023.099609375,29755.19921875,29757.0,312079700
2025-09-25 00:00:00-04:00,29661.599609375,29768.30078125,29544.80078125,29732.0,293274800
2025-09-26 00:00:00-04:00,29778.400390625,29864.19921875,29739.19921875,29761.30078125,297599800
2025-09-29 00:00:00-04:00,29856.5,29980.5,29856.5,29971.900390625,264613400
2025-09-30 00:00:00-04:00,29930.69921875,30049.80078125,29837.30078125,30022.80078125,258525200
2025-10-01 00:00:00-04:00,30006.400390625,30182.599609375,30006.400390625,30107.69921875,227878300
2025-10-02 00:00:00-04:00,30172.80078125,30183.099609375,29903.099609375,30160.599609375,272062800
2025-10-03 00:00:00-04:00,30205.099609375,30490.0,30205.099609375,30471.69921875,279826500
2025-10-06 00:00:00-04:00,30635.900390625,30687.0,30479.099609375,30531.900390625,263418200
2025-10-07 00:00:00-04:00,30571.099609375,30612.099609375,30278.19921875,30351.69921875,249223800
2025-10-08 00:00:00-04:00,30492.19921875,30521.0,30365.80078125,30502.0,292002200
2025-10-09 00:00:00-04:00,30545.0,30550.19921875,30165.0,30270.0,275008600
2025-10-10 00:00:00-04:00,30324.19921875,30358.69921875,29842.0,29850.900390625,314817500
2025-10-14 00:00:00-04:00,29907.900390625,30478.0,29907.900390625,30353.599609375,345275800
2025-10-15 00:00:00-04:00,30493.099609375,30808.099609375,30470.80078125,30637.099609375,280486500
2025-10-16 00:00:00-04:00,30749.69921875,30790.599609375,30375.0,30458.80078125,276484000
2025-10-17 00:00:00-04:00,30338.80078125,30338.80078125,30008.0,30108.5,282271000
2025-10-20 00:00:00-04:00,30265.400390625,30439.099609375,30265.400390625,30416.400390625,229130400
2025-10-21 00:00:00-04:00,30214.099609375,30214.099609375,29837.599609375,29888.80078125,245603000
2025-10-22 00:00:00-04:00,29818.19921875,30036.900390625,29802.5,29983.0,270038700
2025-10-23 00:00:00-04:00,30097.5,30266.5,30094.900390625,30186.30078125,255404100
2025-10-24 00:00:00-04:00,30248.69921875,30411.30078125,30248.69921875,30353.099609375,212699600
2025-10-27 00:00:00-04:00,30315.599609375,30386.599609375,30087.5,30275.80078125,276258400
2025-10-28 00:00:00-04:00,30296.69921875,30490.0,30296.69921875,30419.69921875,241969100
2025-10-29 00:00:00-04:00,30495.400390625,30495.400390625,30051.30078125,30144.80078125,260738400
2025-10-30 00:00:00-04:00,30102.0,30303.099609375,30077.69921875,30179.0,242639000
2025-10-31 00:00:00-04:00,30274.400390625,30314.599609375,30120.599609375,30260.69921875,280312100
2025-11-03 00:00:00-05:00,30292.099609375,30294.400390625,30029.400390625,30275.099609375,264274200
2025-11-04 00:00:00-05:00,29959.19921875,30026.19921875,29749.5,29777.80078125,242806300
2025-11-05 00:00:00-05:00,29827.80078125,30181.19921875,29827.80078125,30103.5,282495800
2025-11-06 00:00:00-05:00,30111.5,30117.69921875,29815.099609375,29868.599609375,264378600
2025-11-07 00:00:00-05:00,29765.19921875,29912.19921875,29530.900390625,29912.19921875,297981000
2025-11-10 00:00:00-05:00,30085.0,30354.19921875,30085.0,30316.599609375,286689900
2025-11-11 00:00:00-05:00,30323.099609375,30431.30078125,30258.19921875,30409.30078125,201509000
2025-11-12 00:00:00-05:00,30475.30078125,30863.30078125,30475.30078125,30827.599609375,285848300
2025-11-13 00:00:00-05:00,30779.19921875,30788.80078125,30164.900390625,30253.599609375,296062200
2025-11-14 00:00:00-05:00,30104.80078125,30375.5,29828.5,30326.5,316911300
2025-11-17 00:00:00-05:00,30278.400390625,30353.099609375,29940.5,30076.19921875,314802500
2025-11-18 00:00:00-05:00,29969.69921875,30140.400390625,29829.400390625,30036.5,280541100
2025-11-19 00:00:00-05:00,30106.0,30292.80078125,30067.69921875,30278.400390625,251813300
2025-11-20 00:00:00-05:00,30479.900390625,30632.80078125,29898.5,29906.599609375,248350800
2025-11-21 00:00:00-05:00,29933.19921875,30242.5,29841.80078125,30160.69921875,266881500
2025-11-24 00:00:00-05:00,30194.599609375,30614.5,30154.5,30604.400390625,453168900
2025-11-25 00:00:00-05:00,30624.0,30924.099609375,30572.0,30900.69921875,282654100
2025-11-26 00:00:00-05:00,30958.19921875,31215.5,30958.19921875,31180.30078125,234778200
2025-11-27 00:00:00-05:00,31165.30078125,31226.69921875,31158.80078125,31216.19921875,34506200
2025-11-28 00:00:00-05:00,31233.900390625,31411.0,31151.69921875,31382.80078125,207817800
2025-12-01 00:00:00-05:00,31262.099609375,31308.80078125,31099.80078125,31101.80078125,289026600
2025-12-02 00:00:00-05:00,31158.19921875,31179.0,30908.099609375,31049.30078125,273879400
2025-12-03 00:00:00-05:00,31083.69921875,31210.69921875,31063.0,31160.5,285143900
2025-12-04 00:00:00-05:00,31189.0,31520.30078125,31189.0,31477.599609375,290212300
2025-12-05 00:00:00-05:00,31495.69921875,31541.69921875,31265.0,31311.400390625,267078100
2025-12-08 00:00:00-05:00,31323.400390625,31332.400390625,31163.80078125,31170.0,313912900
2025-12-09 00:00:00-05:00,31164.900390625,31395.900390625,31160.900390625,31244.400390625,256259200
2025-12-10 00:00:00-05:00,31208.0,31555.099609375,31198.69921875,31490.900390625,299938000
2025-12-11 00:00:00-05:00,31470.19921875,31725.099609375,31410.400390625,31660.69921875,264198400
2025-12-12 00:00:00-05:00,31710.900390625,31760.80078125,31325.80078125,31527.400390625,285540400
2025-12-15 00:00:00-05:00,31594.599609375,31707.0,31434.099609375,31483.400390625,291964000
2025-12-16 00:00:00-05:00,31374.900390625,31480.599609375,31215.80078125,31263.900390625,313057400
2025-12-17 00:00:00-05:00,31382.19921875,31450.5,31170.80078125,31250.0,295937800
2025-12-18 00:00:00-05:00,31367.5,31636.69921875,31366.900390625,31440.900390625,266169000
2025-12-19 00:00:00-05:00,31527.400390625,31865.80078125,31527.400390625,31755.80078125,689859400
2025-12-22 00:00:00-05:00,31875.099609375,32081.900390625,31827.599609375,32000.099609375,290359100
2025-12-23 00:00:00-05:00,31989.099609375,32073.19921875,31950.80078125,32058.69921875,245182100
2025-12-24 00:00:00-05:00,32039.0,32079.69921875,31914.69921875,31999.80078125,82632300
2025-12-29 00:00:00-05:00,31890.599609375,31993.0,31834.099609375,31896.599609375,262173400
2025-12-30 00:00:00-05:00,31976.19921875,32029.80078125,31866.30078125,31866.30078125,220444500
2025-12-31 00:00:00-05:00,31840.30078125,31881.80078125,31692.599609375,31712.80078125,135200300
